site_id,sample_id,cluster,town,type_of_sampling,visit,date_sampling,singleplex,spc,hf183,s_typhi,site_name,flow_speed,depth_of_wastewater_sewage,width_of_wastewater_sewage,deploy_duration,not_recovered,water_quality,calibrate,temp,orp,p_h,do,ec,ssg,tds,sal
AGO153-01,AGO153-01-G1,AGO153,AGOGO,Grab,1,2022-07-07T00:00:00Z,2,36.98,0,0,"STREAM, BELOW THE POULTRY FARM",1,1,2,24,2,1,1,27.63,7.3,7.01,109,139,0,88,0.04
AGO153-01,AGO153-01-G2,AGO153,AGOGO,Grab,2,2022-08-11T00:00:00Z,2,25.97,0,0,"STREAM, BELOW THE POULTRY FARM",1,1,2,24,2,1,1,27.63,7.3,7.01,109,139,0,88,0.04
AGO153-01,AGO153-01-G3,AGO153,AGOGO,Grab,3,2022-10-05T00:00:00Z,2,24.92,0,0,"STREAM, BELOW THE POULTRY FARM",1,1,2,24,2,1,1,27.63,7.3,7.01,109,139,0,88,0.04
AGO153-01,AGO153-01-G4,AGO153,AGOGO,Grab,4,2022-11-03T00:00:00Z,2,28.4,39.02,0,"STREAM, BELOW THE POULTRY FARM",1,1,2,24,2,1,1,27.63,7.3,7.01,109,139,0,88,0.04
AGO153-01,AGO153-01-G5,AGO153,AGOGO,Grab,5,2022-12-21T00:00:00Z,2,25.98,0,0,"STREAM, BELOW THE POULTRY FARM",1,1,2,24,2,1,1,27.63,7.3,7.01,109,139,0,88,0.04
AGO153-01,AGO153-01-G6,AGO153,AGOGO,Grab,6,2023-01-20T00:00:00Z,2,37.07,22.98,0,"STREAM, BELOW THE POULTRY FARM",1,1,2,24,2,1,1,27.63,7.3,7.01,109,139,0,88,0.04
AGO153-01,AGO153-01-S1,AGO153,AGOGO,Moore Swab,1,2022-07-07T00:00:00Z,1,24.91,20.8,1,"STREAM, BELOW THE POULTRY FARM",1,1,2,24,2,1,1,27.63,7.3,7.01,109,139,0,88,0.04
AGO153-01,AGO153-01-S2,AGO153,AGOGO,Moore Swab,2,2022-08-11T00:00:00Z,1,26.64,23.3,1,"STREAM, BELOW THE POULTRY FARM",1,1,2,24,2,1,1,27.63,7.3,7.01,109,139,0,88,0.04
AGO153-01,AGO153-01-S3,AGO153,AGOGO,Moore Swab,3,2022-10-05T00:00:00Z,2,25.99,19.41,1,"STREAM, BELOW THE POULTRY FARM",1,1,2,24,2,1,1,27.63,7.3,7.01,109,139,0,88,0.04
AGO153-01,AGO153-01-S4,AGO153,AGOGO,Moore Swab,4,2022-11-03T00:00:00Z,2,24.23,20.4,1,"STREAM, BELOW THE POULTRY FARM",1,1,2,24,2,1,1,27.63,7.3,7.01,109,139,0,88,0.04
AGO153-01,AGO153-01-S5,AGO153,AGOGO,Moore Swab,5,2022-12-21T00:00:00Z,1,26.52,22.26,0,"STREAM, BELOW THE POULTRY FARM",1,1,2,24,2,1,1,27.63,7.3,7.01,109,139,0,88,0.04
AGO153-01,AGO153-01-S6,AGO153,AGOGO,Moore Swab,6,2023-01-20T00:00:00Z,1,26.1,16.07,0,"STREAM, BELOW THE POULTRY FARM",1,1,2,24,2,1,1,27.63,7.3,7.01,109,139,0,88,0.04
AGO154-35,AGO154-35-G1,AGO154,AGOGO,Grab,1,2022-07-27T00:00:00Z,2,23.63,37.54,0,College of Education Close to Entrance,2,1,1,24,2,1,1,27.8,-153,4.9,2,2137,0,1391,1.08
AGO154-35,AGO154-35-G2,AGO154,AGOGO,Grab,2,2022-08-12T00:00:00Z,2,24.31,33.31,0,College of Education Close to Entrance,2,1,1,24,2,1,1,27.8,-153,4.9,2,2137,0,1391,1.08
AGO154-35,AGO154-35-G3,AGO154,AGOGO,Grab,3,2022-10-06T00:00:00Z,1,23.13,30.15,0,College of Education Close to Entrance,2,1,1,24,2,1,1,27.8,-153,4.9,2,2137,0,1391,1.08
AGO154-35,AGO154-35-G4,AGO154,AGOGO,Grab,4,2022-11-04T00:00:00Z,2,25.14,37.01,0,College of Education Close to Entrance,2,1,1,24,2,1,1,27.8,-153,4.9,2,2137,0,1391,1.08
AGO154-35,AGO154-35-G5,AGO154,AGOGO,Grab,5,2023-01-26T00:00:00Z,2,22.49,0,0,College of Education Close to Entrance,2,1,1,24,2,1,1,27.8,-153,4.9,2,2137,0,1391,1.08
AGO154-35,AGO154-35-G6,AGO154,AGOGO,Grab,6,2023-02-02T00:00:00Z,2,20.22,0,0,College of Education Close to Entrance,2,1,1,24,2,1,1,27.8,-153,4.9,2,2137,0,1391,1.08
AGO154-35,AGO154-35-S1,AGO154,AGOGO,Moore Swab,1,2022-07-27T00:00:00Z,2,25.59,32.21,0,College of Education Close to Entrance,2,1,1,24,2,1,1,27.8,-153,4.9,2,2137,0,1391,1.08
AGO154-35,AGO154-35-S2,AGO154,AGOGO,Moore Swab,2,2022-08-12T00:00:00Z,2,23.89,27.05,0,College of Education Close to Entrance,2,1,1,24,2,1,1,27.8,-153,4.9,2,2137,0,1391,1.08
AGO154-35,AGO154-35-S3,AGO154,AGOGO,Moore Swab,3,2022-10-06T00:00:00Z,1,23.98,27.19,1,College of Education Close to Entrance,2,1,1,24,2,1,1,27.8,-153,4.9,2,2137,0,1391,1.08
AGO154-35,AGO154-35-S4,AGO154,AGOGO,Moore Swab,4,2022-11-04T00:00:00Z,2,24.07,28.7,0,College of Education Close to Entrance,2,1,1,24,2,1,1,27.8,-153,4.9,2,2137,0,1391,1.08
AGO154-35,AGO154-35-S5,AGO154,AGOGO,Moore Swab,5,2023-01-26T00:00:00Z,2,24.81,30.11,0,College of Education Close to Entrance,2,1,1,24,2,1,1,27.8,-153,4.9,2,2137,0,1391,1.08
AGO154-35,AGO154-35-S6,AGO154,AGOGO,Moore Swab,6,2023-02-02T00:00:00Z,2,23.07,0,0,College of Education Close to Entrance,2,1,1,24,2,1,1,27.8,-153,4.9,2,2137,0,1391,1.08
AGO155-28,AGO155-28-G1,AGO155,AGOGO,Grab,1,2022-07-26T00:00:00Z,2,24.12,33.52,0,First Place,2,1,1,24,1,1,1,29,-315.5,6.6,1.5,15709,0,3716,3.09
AGO155-28,AGO155-28-G2,AGO155,AGOGO,Grab,2,2022-09-27T00:00:00Z,1,23.16,32.01,0,First Place,2,1,1,24,1,1,1,29,-315.5,6.6,1.5,15709,0,3716,3.09
AGO155-28,AGO155-28-G3,AGO155,AGOGO,Grab,3,2022-10-19T00:00:00Z,1,24.83,29.7,0,First Place,2,1,1,24,1,1,1,29,-315.5,6.6,1.5,15709,0,3716,3.09
AGO155-28,AGO155-28-G4,AGO155,AGOGO,Grab,4,2022-11-16T00:00:00Z,1,22.98,24.66,0,First Place,2,1,1,24,1,1,1,29,-315.5,6.6,1.5,15709,0,3716,3.09
AGO155-28,AGO155-28-G5,AGO155,AGOGO,Grab,5,2023-01-11T00:00:00Z,2,20.46,25.71,0,First Place,2,1,1,24,1,1,1,29,-315.5,6.6,1.5,15709,0,3716,3.09
AGO155-28,AGO155-28-G6,AGO155,AGOGO,Grab,6,2023-01-25T00:00:00Z,2,21.18,35.09,0,First Place,2,1,1,24,1,1,1,29,-315.5,6.6,1.5,15709,0,3716,3.09
AGO155-28,AGO155-28-S1,AGO155,AGOGO,Moore Swab,1,2022-07-26T00:00:00Z,1,24.21,26.34,1,First Place,2,1,1,24,1,1,1,29,-315.5,6.6,1.5,15709,0,3716,3.09
AGO155-28,AGO155-28-S2,AGO155,AGOGO,Moore Swab,2,2022-09-27T00:00:00Z,1,24.47,27.31,0,First Place,2,1,1,24,1,1,1,29,-315.5,6.6,1.5,15709,0,3716,3.09
AGO155-28,AGO155-28-S3,AGO155,AGOGO,Moore Swab,3,2022-10-19T00:00:00Z,1,25.77,29.96,0,First Place,2,1,1,24,1,1,1,29,-315.5,6.6,1.5,15709,0,3716,3.09
AGO155-28,AGO155-28-S4,AGO155,AGOGO,Moore Swab,4,2022-11-16T00:00:00Z,1,24.09,22.13,0,First Place,2,1,1,24,1,1,1,29,-315.5,6.6,1.5,15709,0,3716,3.09
AGO155-28,AGO155-28-S5,AGO155,AGOGO,Moore Swab,5,2023-01-11T00:00:00Z,1,21.25,27.05,1,First Place,2,1,1,24,1,1,1,29,-315.5,6.6,1.5,15709,0,3716,3.09
AGO155-28,AGO155-28-S6,AGO155,AGOGO,Moore Swab,6,2023-01-25T00:00:00Z,2,23.14,25.49,1,First Place,2,1,1,24,1,1,1,29,-315.5,6.6,1.5,15709,0,3716,3.09
AGO158-17,AGO158-17-G1,AGO158,AGOGO,Grab,1,2022-07-25T00:00:00Z,1,26.98,0,0,Kowirem Washing bay/Beach,2,3,3,24,1,1,1,23.78,2,6.92,32.9,237,0,154,0.07
AGO158-17,AGO158-17-G2,AGO158,AGOGO,Grab,2,2022-09-29T00:00:00Z,2,24.29,37.3,0,Kowirem Washing bay/Beach,2,3,3,24,1,1,1,23.78,2,6.92,32.9,237,0,154,0.07
AGO158-17,AGO158-17-G3,AGO158,AGOGO,Grab,3,2022-10-25T00:00:00Z,2,27.58,0,0,Kowirem Washing bay/Beach,2,3,3,24,1,1,1,23.78,2,6.92,32.9,237,0,154,0.07
AGO158-17,AGO158-17-G4,AGO158,AGOGO,Grab,4,2022-11-24T00:00:00Z,2,24.32,0,0,Kowirem Washing bay/Beach,2,3,3,24,1,1,1,23.78,2,6.92,32.9,237,0,154,0.07
AGO158-17,AGO158-17-G5,AGO158,AGOGO,Grab,5,2022-12-22T00:00:00Z,2,24.92,0,0,Kowirem Washing bay/Beach,2,3,3,24,1,1,1,23.78,2,6.92,32.9,237,0,154,0.07
AGO158-17,AGO158-17-G6,AGO158,AGOGO,Grab,6,2023-01-20T00:00:00Z,2,23.33,0,0,Kowirem Washing bay/Beach,2,3,3,24,1,1,1,23.78,2,6.92,32.9,237,0,154,0.07
AGO158-17,AGO158-17-S1,AGO158,AGOGO,Moore Swab,1,2022-07-25T00:00:00Z,1,28.62,27.44,0,Kowirem Washing bay/Beach,2,3,3,24,1,1,1,23.78,2,6.92,32.9,237,0,154,0.07
AGO158-17,AGO158-17-S2,AGO158,AGOGO,Moore Swab,2,2022-09-29T00:00:00Z,2,24.45,24.39,1,Kowirem Washing bay/Beach,2,3,3,24,1,1,1,23.78,2,6.92,32.9,237,0,154,0.07
AGO158-17,AGO158-17-S3,AGO158,AGOGO,Moore Swab,3,2022-10-25T00:00:00Z,2,23.92,23.32,1,Kowirem Washing bay/Beach,2,3,3,24,1,1,1,23.78,2,6.92,32.9,237,0,154,0.07
AGO158-17,AGO158-17-S4,AGO158,AGOGO,Moore Swab,4,2022-11-24T00:00:00Z,2,29.82,0,0,Kowirem Washing bay/Beach,2,3,3,24,1,1,1,23.78,2,6.92,32.9,237,0,154,0.07
AGO158-17,AGO158-17-S5,AGO158,AGOGO,Moore Swab,5,2022-12-22T00:00:00Z,1,26.91,28.94,0,Kowirem Washing bay/Beach,2,3,3,24,1,1,1,23.78,2,6.92,32.9,237,0,154,0.07
AGO158-17,AGO158-17-S6,AGO158,AGOGO,Moore Swab,6,2023-01-20T00:00:00Z,1,24.43,29.16,1,Kowirem Washing bay/Beach,2,3,3,24,1,1,1,23.78,2,6.92,32.9,237,0,154,0.07
AGO160-16,AGO160-16-G1,AGO160,AGOGO,Grab,1,2022-07-25T00:00:00Z,2,24.27,35.21,0,Kowirem (behind story building),1,2,2,24,1,1,1,26.2,-1.2,7.17,2,837,0,544,0.35
AGO160-16,AGO160-16-G2,AGO160,AGOGO,Grab,2,2022-09-29T00:00:00Z,2,23.33,36.5,1,Kowirem (behind story building),1,2,2,24,1,1,1,26.2,-1.2,7.17,2,837,0,544,0.35
AGO160-16,AGO160-16-G3,AGO160,AGOGO,Grab,3,2022-10-25T00:00:00Z,1,24.2,0,1,Kowirem (behind story building),1,2,2,24,1,1,1,26.2,-1.2,7.17,2,837,0,544,0.35
AGO160-16,AGO160-16-G4,AGO160,AGOGO,Grab,4,2022-11-24T00:00:00Z,2,21.1,37.9,0,Kowirem (behind story building),1,2,2,24,1,1,1,26.2,-1.2,7.17,2,837,0,544,0.35
AGO160-16,AGO160-16-G5,AGO160,AGOGO,Grab,5,2022-12-22T00:00:00Z,2,25.55,0,0,Kowirem (behind story building),1,2,2,24,1,1,1,26.2,-1.2,7.17,2,837,0,544,0.35
AGO160-16,AGO160-16-G6,AGO160,AGOGO,Grab,6,2023-01-20T00:00:00Z,2,24.43,0,0,Kowirem (behind story building),1,2,2,24,1,1,1,26.2,-1.2,7.17,2,837,0,544,0.35
AGO160-16,AGO160-16-S1,AGO160,AGOGO,Moore Swab,1,2022-07-25T00:00:00Z,1,23.9,27.24,0,Kowirem (behind story building),1,2,2,24,1,1,1,26.2,-1.2,7.17,2,837,0,544,0.35
AGO160-16,AGO160-16-S2,AGO160,AGOGO,Moore Swab,2,2022-09-29T00:00:00Z,2,27.09,23.03,1,Kowirem (behind story building),1,2,2,24,1,1,1,26.2,-1.2,7.17,2,837,0,544,0.35
AGO160-16,AGO160-16-S3,AGO160,AGOGO,Moore Swab,3,2022-10-25T00:00:00Z,1,25.14,22.26,0,Kowirem (behind story building),1,2,2,24,1,1,1,26.2,-1.2,7.17,2,837,0,544,0.35
AGO160-16,AGO160-16-S4,AGO160,AGOGO,Moore Swab,4,2022-11-24T00:00:00Z,2,30.59,25.89,0,Kowirem (behind story building),1,2,2,24,1,1,1,26.2,-1.2,7.17,2,837,0,544,0.35
AGO160-16,AGO160-16-S5,AGO160,AGOGO,Moore Swab,5,2022-12-22T00:00:00Z,2,27.69,27.76,0,Kowirem (behind story building),1,2,2,24,1,1,1,26.2,-1.2,7.17,2,837,0,544,0.35
AGO160-16,AGO160-16-S6,AGO160,AGOGO,Moore Swab,6,2023-01-20T00:00:00Z,2,26.15,23.37,0,Kowirem (behind story building),1,2,2,24,1,1,1,26.2,-1.2,7.17,2,837,0,544,0.35
AGO161-02,AGO161-02-G1,AGO161,AGOGO,Grab,1,2022-07-14T00:00:00Z,1,23.05,32.59,0,Atta-Akwaa house,2,1,1,24,1,1,1,25.4,-287,7.84,1.1,3750,0,2438,1.97
AGO161-02,AGO161-02-G2,AGO161,AGOGO,Grab,2,2022-09-28T00:00:00Z,1,22.52,34.51,0,Atta-Akwaa house,2,1,1,24,1,1,1,25.4,-287,7.84,1.1,3750,0,2438,1.97
AGO161-02,AGO161-02-G3,AGO161,AGOGO,Grab,3,2022-10-20T00:00:00Z,1,24.31,0,0,Atta-Akwaa house,2,1,1,24,1,1,1,25.4,-287,7.84,1.1,3750,0,2438,1.97
AGO161-02,AGO161-02-G4,AGO161,AGOGO,Grab,4,2022-11-17T00:00:00Z,1,28.3,0,0,Atta-Akwaa house,2,1,1,24,1,1,1,25.4,-287,7.84,1.1,3750,0,2438,1.97
AGO161-02,AGO161-02-G5,AGO161,AGOGO,Grab,5,2023-01-17T00:00:00Z,2,23.47,31.54,1,Atta-Akwaa house,2,1,1,24,1,1,1,25.4,-287,7.84,1.1,3750,0,2438,1.97
AGO161-02,AGO161-02-G6,AGO161,AGOGO,Grab,6,2023-02-02T00:00:00Z,1,20.36,31.77,0,Atta-Akwaa house,2,1,1,24,1,1,1,25.4,-287,7.84,1.1,3750,0,2438,1.97
AGO161-02,AGO161-02-S1,AGO161,AGOGO,Moore Swab,1,2022-07-14T00:00:00Z,1,23.82,20.46,0,Atta-Akwaa house,2,1,1,24,1,1,1,25.4,-287,7.84,1.1,3750,0,2438,1.97
AGO161-02,AGO161-02-S2,AGO161,AGOGO,Moore Swab,2,2022-09-28T00:00:00Z,2,24.6,22.7,1,Atta-Akwaa house,2,1,1,24,1,1,1,25.4,-287,7.84,1.1,3750,0,2438,1.97
AGO161-02,AGO161-02-S3,AGO161,AGOGO,Moore Swab,3,2022-10-20T00:00:00Z,2,22.86,25.63,1,Atta-Akwaa house,2,1,1,24,1,1,1,25.4,-287,7.84,1.1,3750,0,2438,1.97
AGO161-02,AGO161-02-S4,AGO161,AGOGO,Moore Swab,4,2022-11-17T00:00:00Z,2,25.54,32.95,0,Atta-Akwaa house,2,1,1,24,1,1,1,25.4,-287,7.84,1.1,3750,0,2438,1.97
AGO161-02,AGO161-02-S5,AGO161,AGOGO,Moore Swab,5,2023-01-17T00:00:00Z,2,22.76,27.53,1,Atta-Akwaa house,2,1,1,24,1,1,1,25.4,-287,7.84,1.1,3750,0,2438,1.97
AGO161-02,AGO161-02-S6,AGO161,AGOGO,Moore Swab,6,2023-02-02T00:00:00Z,2,23.97,0,0,Atta-Akwaa house,2,1,1,24,1,1,1,25.4,-287,7.84,1.1,3750,0,2438,1.97
AGO165-31,AGO165-31-G1,AGO165,AGOGO,Grab,1,2022-07-28T00:00:00Z,2,22.84,0,0,Provision shop opp Astroturf,2,1,1,24,1,1,1,36.7,-107.6,7.6,1.6,2071,0,1347,1.04
AGO165-31,AGO165-31-S2,AGO165,AGOGO,Grab,2,2022-08-12T00:00:00Z,2,24.22,37.13,0,Provision shop opp Astroturf,2,1,1,24,1,1,1,36.7,-107.6,7.6,1.6,2071,0,1347,1.04
AGO165-31,AGO165-31-G3,AGO165,AGOGO,Grab,3,2022-10-06T00:00:00Z,2,24.09,0,0,Provision shop opp Astroturf,2,1,1,24,1,1,1,36.7,-107.6,7.6,1.6,2071,0,1347,1.04
AGO165-31,AGO165-31-G4,AGO165,AGOGO,Grab,4,2022-11-03T00:00:00Z,2,23.98,37.24,0,Provision shop opp Astroturf,2,1,1,24,1,1,1,36.7,-107.6,7.6,1.6,2071,0,1347,1.04
AGO165-31,AGO165-31-G5,AGO165,AGOGO,Grab,5,2023-01-17T00:00:00Z,2,22.44,37.82,0,Provision shop opp Astroturf,2,1,1,24,1,1,1,36.7,-107.6,7.6,1.6,2071,0,1347,1.04
AGO165-31,AGO165-31-G6,AGO165,AGOGO,Grab,6,2023-02-01T00:00:00Z,2,19.3,0,0,Provision shop opp Astroturf,2,1,1,24,1,1,1,36.7,-107.6,7.6,1.6,2071,0,1347,1.04
AGO165-31,AGO165-31-S1,AGO165,AGOGO,Moore Swab,1,2022-07-28T00:00:00Z,2,25.79,32.71,0,Provision shop opp Astroturf,2,1,1,24,1,1,1,36.7,-107.6,7.6,1.6,2071,0,1347,1.04
AGO165-31,AGO165-31-S2,AGO165,AGOGO,Moore Swab,2,2022-08-12T00:00:00Z,2,31.35,33.47,0,Provision shop opp Astroturf,2,1,1,24,1,1,1,36.7,-107.6,7.6,1.6,2071,0,1347,1.04
AGO165-31,AGO165-31-S3,AGO165,AGOGO,Moore Swab,3,2022-10-06T00:00:00Z,1,26.45,32.81,1,Provision shop opp Astroturf,2,1,1,24,1,1,1,36.7,-107.6,7.6,1.6,2071,0,1347,1.04
AGO165-31,AGO165-31-S4,AGO165,AGOGO,Moore Swab,4,2022-11-03T00:00:00Z,1,24.54,29.16,0,Provision shop opp Astroturf,2,1,1,24,1,1,1,36.7,-107.6,7.6,1.6,2071,0,1347,1.04
AGO165-31,AGO165-31-S5,AGO165,AGOGO,Moore Swab,5,2023-01-17T00:00:00Z,2,23.63,0,1,Provision shop opp Astroturf,2,1,1,24,1,1,1,36.7,-107.6,7.6,1.6,2071,0,1347,1.04
AGO165-31,AGO165-31-S6,AGO165,AGOGO,Moore Swab,6,2023-02-01T00:00:00Z,2,21.13,32.7,0,Provision shop opp Astroturf,2,1,1,24,1,1,1,36.7,-107.6,7.6,1.6,2071,0,1347,1.04
AGO165-32,AGO165-32-G1,AGO165,AGOGO,Grab,1,2022-07-28T00:00:00Z,2,25.29,0,0,All shall Pass Beauty Salon,2,1,1,24,2,1,1,24.9,-153.6,6.84,4.8,627,0,411,0.26
AGO165-32,AGO165-32-S2,AGO165,AGOGO,Grab,2,2022-08-12T00:00:00Z,2,24.22,36.28,0,All shall Pass Beauty Salon,2,1,1,24,2,1,1,24.9,-153.6,6.84,4.8,627,0,411,0.26
AGO165-32,AGO165-32-G3,AGO165,AGOGO,Grab,3,2022-10-07T00:00:00Z,1,23.54,35.28,0,All shall Pass Beauty Salon,2,1,1,24,2,1,1,24.9,-153.6,6.84,4.8,627,0,411,0.26
AGO165-32,AGO165-32-G4,AGO165,AGOGO,Grab,4,2022-11-03T00:00:00Z,1,23.95,37.23,0,All shall Pass Beauty Salon,2,1,1,24,2,1,1,24.9,-153.6,6.84,4.8,627,0,411,0.26
AGO165-32,AGO165-32-G5,AGO165,AGOGO,Grab,5,2023-01-17T00:00:00Z,2,23.58,0,0,All shall Pass Beauty Salon,2,1,1,24,2,1,1,24.9,-153.6,6.84,4.8,627,0,411,0.26
AGO165-32,AGO165-32-G6,AGO165,AGOGO,Grab,6,2023-02-01T00:00:00Z,2,20.06,32.96,0,All shall Pass Beauty Salon,2,1,1,24,2,1,1,24.9,-153.6,6.84,4.8,627,0,411,0.26
AGO165-32,AGO165-32-S1,AGO165,AGOGO,Moore Swab,1,2022-07-28T00:00:00Z,1,24.89,34.18,0,All shall Pass Beauty Salon,2,1,1,24,2,1,1,24.9,-153.6,6.84,4.8,627,0,411,0.26
AGO165-32,AGO165-32-S2,AGO165,AGOGO,Moore Swab,2,2022-08-12T00:00:00Z,2,24.47,25.05,1,All shall Pass Beauty Salon,2,1,1,24,2,1,1,24.9,-153.6,6.84,4.8,627,0,411,0.26
AGO165-32,AGO165-32-S3,AGO165,AGOGO,Moore Swab,3,2022-10-07T00:00:00Z,1,25,32.4,0,All shall Pass Beauty Salon,2,1,1,24,2,1,1,24.9,-153.6,6.84,4.8,627,0,411,0.26
AGO165-32,AGO165-32-S4,AGO165,AGOGO,Moore Swab,4,2022-11-03T00:00:00Z,1,22.89,30.33,0,All shall Pass Beauty Salon,2,1,1,24,2,1,1,24.9,-153.6,6.84,4.8,627,0,411,0.26
AGO165-32,AGO165-32-S5,AGO165,AGOGO,Moore Swab,5,2023-01-17T00:00:00Z,2,23.42,29.46,0,All shall Pass Beauty Salon,2,1,1,24,2,1,1,24.9,-153.6,6.84,4.8,627,0,411,0.26
AGO165-32,AGO165-32-S6,AGO165,AGOGO,Moore Swab,6,2023-02-01T00:00:00Z,1,27.82,25.94,0,All shall Pass Beauty Salon,2,1,1,24,2,1,1,24.9,-153.6,6.84,4.8,627,0,411,0.26
AGO165-33,AGO165-33-G1,AGO165,AGOGO,Grab,1,2022-07-27T00:00:00Z,2,24.91,0,0,Concrete Bridge New Collins S.H.S. K,2,1,1,24,2,1,1,27.38,-224.3,6.04,2.1,2720,0,1760,1.39
AGO165-33,AGO165-33-G2,AGO165,AGOGO,Grab,2,2022-08-11T00:00:00Z,2,25.71,36.36,0,Concrete Bridge New Collins S.H.S. K,2,1,1,24,2,1,1,27.38,-224.3,6.04,2.1,2720,0,1760,1.39
AGO165-33,AGO165-33-G3,AGO165,AGOGO,Grab,3,2022-10-06T00:00:00Z,2,23.1,29.48,0,Concrete Bridge New Collins S.H.S. K,2,1,1,24,2,1,1,27.38,-224.3,6.04,2.1,2720,0,1760,1.39
AGO165-33,AGO165-33-G4,AGO165,AGOGO,Grab,4,2022-11-02T00:00:00Z,2,22.21,36.65,0,Concrete Bridge New Collins S.H.S. K,2,1,1,24,2,1,1,27.38,-224.3,6.04,2.1,2720,0,1760,1.39
AGO165-33,AGO165-33-G5,AGO165,AGOGO,Grab,5,2022-12-21T00:00:00Z,2,24.87,0,0,Concrete Bridge New Collins S.H.S. K,2,1,1,24,2,1,1,27.38,-224.3,6.04,2.1,2720,0,1760,1.39
AGO165-33,AGO165-33-G6,AGO165,AGOGO,Grab,6,2023-01-24T00:00:00Z,2,19.62,37.97,0,Concrete Bridge New Collins S.H.S. K,2,1,1,24,2,1,1,27.38,-224.3,6.04,2.1,2720,0,1760,1.39
AGO165-33,AGO165-33-S1,AGO165,AGOGO,Moore Swab,1,2022-07-27T00:00:00Z,1,25.24,28.67,0,Concrete Bridge New Collins S.H.S. K,2,1,1,24,2,1,1,27.38,-224.3,6.04,2.1,2720,0,1760,1.39
AGO165-33,AGO165-33-S2,AGO165,AGOGO,Moore Swab,2,2022-08-11T00:00:00Z,2,25.28,26.48,0,Concrete Bridge New Collins S.H.S. K,2,1,1,24,2,1,1,27.38,-224.3,6.04,2.1,2720,0,1760,1.39
AGO165-33,AGO165-33-S3,AGO165,AGOGO,Moore Swab,3,2022-10-06T00:00:00Z,2,24.39,24.62,0,Concrete Bridge New Collins S.H.S. K,2,1,1,24,2,1,1,27.38,-224.3,6.04,2.1,2720,0,1760,1.39
AGO165-33,AGO165-33-S4,AGO165,AGOGO,Moore Swab,4,2022-11-02T00:00:00Z,1,23.78,29.86,0,Concrete Bridge New Collins S.H.S. K,2,1,1,24,2,1,1,27.38,-224.3,6.04,2.1,2720,0,1760,1.39
AGO165-33,AGO165-33-S5,AGO165,AGOGO,Moore Swab,5,2022-11-02T00:00:00Z,1,25.29,34.25,0,Concrete Bridge New Collins S.H.S. K,2,1,1,24,2,1,1,27.38,-224.3,6.04,2.1,2720,0,1760,1.39
AGO165-33,AGO165-33-S6,AGO165,AGOGO,Moore Swab,6,2023-01-26T00:00:00Z,1,21.8,0,0,Concrete Bridge New Collins S.H.S. K,2,1,1,24,2,1,1,27.38,-224.3,6.04,2.1,2720,0,1760,1.39
AGO165-34,AGO165-34-G1,AGO165,AGOGO,Grab,1,2022-07-27T00:00:00Z,2,24.7,0,0,Abogyaso Stream Behind Two S.B,2,3,3,24,2,1,1,22.9,68,6.79,42.3,232,0,154,0.07
AGO165-34,AGO165-34-G2,AGO165,AGOGO,Grab,2,2022-08-10T00:00:00Z,2,25.95,0,0,Abogyaso Stream Behind Two S.B,2,3,3,24,2,1,1,22.9,68,6.79,42.3,232,0,154,0.07
AGO165-34,AGO165-34-G3,AGO165,AGOGO,Grab,3,2022-10-05T00:00:00Z,2,26.77,37.15,0,Abogyaso Stream Behind Two S.B,2,3,3,24,2,1,1,22.9,68,6.79,42.3,232,0,154,0.07
AGO165-34,AGO165-34-G4,AGO165,AGOGO,Grab,4,2022-11-02T00:00:00Z,2,24.87,35.39,0,Abogyaso Stream Behind Two S.B,2,3,3,24,2,1,1,22.9,68,6.79,42.3,232,0,154,0.07
AGO165-34,AGO165-34-G5,AGO165,AGOGO,Grab,5,2022-12-21T00:00:00Z,2,26.38,0,0,Abogyaso Stream Behind Two S.B,2,3,3,24,2,1,1,22.9,68,6.79,42.3,232,0,154,0.07
AGO165-34,AGO165-34-S1,AGO165,AGOGO,Moore Swab,1,2022-07-27T00:00:00Z,2,26.88,24.3,0,Abogyaso Stream Behind Two S.B,2,3,3,24,2,1,1,22.9,68,6.79,42.3,232,0,154,0.07
AGO165-34,AGO165-34-S2,AGO165,AGOGO,Moore Swab,2,2022-08-10T00:00:00Z,2,30.54,19.04,0,Abogyaso Stream Behind Two S.B,2,3,3,24,2,1,1,22.9,68,6.79,42.3,232,0,154,0.07
AGO165-34,AGO165-34-S3,AGO165,AGOGO,Moore Swab,3,2022-10-05T00:00:00Z,1,24.66,22.21,1,Abogyaso Stream Behind Two S.B,2,3,3,24,2,1,1,22.9,68,6.79,42.3,232,0,154,0.07
AGO165-34,AGO165-34-S4,AGO165,AGOGO,Moore Swab,4,2022-12-21T00:00:00Z,1,27.32,25.31,0,Abogyaso Stream Behind Two S.B,2,3,3,24,2,1,1,22.9,68,6.79,42.3,232,0,154,0.07
AGO165-34,AGO165-34-S5,AGO165,AGOGO,Moore Swab,5,2023-01-17T00:00:00Z,1,27.32,0,0,Abogyaso Stream Behind Two S.B,2,3,3,24,2,1,1,22.9,68,6.79,42.3,232,0,154,0.07
AGO165-34,AGO165-34-S6,AGO165,AGOGO,Moore Swab,6,2023-01-19T00:00:00Z,2,22.21,0,0,Abogyaso Stream Behind Two S.B,2,3,3,24,2,1,1,22.9,68,6.79,42.3,232,0,154,0.07
AGO166-29,AGO166-29-G1,AGO166,AGOGO,Grab,1,2022-07-29T00:00:00Z,2,24.73,35.12,0,Concrete gutter close to Adansie,2,1,2,24,2,1,1,22.2,-40.9,7.17,41.3,857,0,560,0.36
AGO166-29,AGO166-29-G2,AGO166,AGOGO,Grab,2,2022-08-16T00:00:00Z,2,25.05,34.58,0,Concrete gutter close to Adansie,2,1,2,24,2,1,1,22.2,-40.9,7.17,41.3,857,0,560,0.36
AGO166-29,AGO166-29-G3,AGO166,AGOGO,Grab,3,2022-10-07T00:00:00Z,2,24.24,29.62,0,Concrete gutter close to Adansie,2,1,2,24,2,1,1,22.2,-40.9,7.17,41.3,857,0,560,0.36
AGO166-29,AGO166-29-G4,AGO166,AGOGO,Grab,4,2022-11-04T00:00:00Z,2,23.02,37.91,0,Concrete gutter close to Adansie,2,1,2,24,2,1,1,22.2,-40.9,7.17,41.3,857,0,560,0.36
AGO166-29,AGO166-29-G5,AGO166,AGOGO,Grab,5,2023-01-12T00:00:00Z,2,21.9,33.73,0,Concrete gutter close to Adansie,2,1,2,24,2,1,1,22.2,-40.9,7.17,41.3,857,0,560,0.36
AGO166-29,AGO166-29-G6,AGO166,AGOGO,Grab,6,2023-01-27T00:00:00Z,2,20.29,36.61,0,Concrete gutter close to Adansie,2,1,2,24,2,1,1,22.2,-40.9,7.17,41.3,857,0,560,0.36
AGO166-29,AGO166-29-S1,AGO166,AGOGO,Moore Swab,1,2022-07-29T00:00:00Z,1,25.77,22.6,0,Concrete gutter close to Adansie,2,1,2,24,2,1,1,22.2,-40.9,7.17,41.3,857,0,560,0.36
AGO166-29,AGO166-29-S2,AGO166,AGOGO,Moore Swab,2,2022-08-16T00:00:00Z,2,24.43,22.18,1,Concrete gutter close to Adansie,2,1,2,24,2,1,1,22.2,-40.9,7.17,41.3,857,0,560,0.36
AGO166-29,AGO166-29-S3,AGO166,AGOGO,Moore Swab,3,2022-10-07T00:00:00Z,1,25.82,25.4,1,Concrete gutter close to Adansie,2,1,2,24,2,1,1,22.2,-40.9,7.17,41.3,857,0,560,0.36
AGO166-29,AGO166-29-S4,AGO166,AGOGO,Moore Swab,4,2022-11-04T00:00:00Z,1,23.69,21.66,0,Concrete gutter close to Adansie,2,1,2,24,2,1,1,22.2,-40.9,7.17,41.3,857,0,560,0.36
AGO166-29,AGO166-29-S5,AGO166,AGOGO,Moore Swab,5,2023-01-12T00:00:00Z,1,24.2,29.84,0,Concrete gutter close to Adansie,2,1,2,24,2,1,1,22.2,-40.9,7.17,41.3,857,0,560,0.36
AGO166-29,AGO166-29-S6,AGO166,AGOGO,Moore Swab,6,2023-01-27T00:00:00Z,1,20.8,29.1,0,Concrete gutter close to Adansie,2,1,2,24,2,1,1,22.2,-40.9,7.17,41.3,857,0,560,0.36
AGO167-27,AGO167-27-G1,AGO167,AGOGO,Grab,1,2022-07-13T00:00:00Z,1,36.04,0,0,Danyame/ Near Kusibo Sign Post,2,1,1,24,1,1,1,25.36,93.1,6.35,74.3,409,0,260,0.13
AGO167-27,AGO167-27-G2,AGO167,AGOGO,Grab,2,2022-08-17T00:00:00Z,2,28.34,0,0,Danyame/ Near Kusibo Sign Post,2,1,1,24,1,1,1,25.36,93.1,6.35,74.3,409,0,260,0.13
AGO167-27,AGO167-27-G3,AGO167,AGOGO,Grab,3,2022-10-12T00:00:00Z,2,25.58,33.37,0,Danyame/ Near Kusibo Sign Post,2,1,1,24,1,1,1,25.36,93.1,6.35,74.3,409,0,260,0.13
AGO167-27,AGO167-27-G4,AGO167,AGOGO,Grab,4,2022-11-08T00:00:00Z,2,25.27,0,0,Danyame/ Near Kusibo Sign Post,2,1,1,24,1,1,1,25.36,93.1,6.35,74.3,409,0,260,0.13
AGO167-27,AGO167-27-G5,AGO167,AGOGO,Grab,5,2023-01-12T00:00:00Z,2,26.26,0,0,Danyame/ Near Kusibo Sign Post,2,1,1,24,1,1,1,25.36,93.1,6.35,74.3,409,0,260,0.13
AGO167-27,AGO167-27-G6,AGO167,AGOGO,Grab,6,2023-01-26T00:00:00Z,2,24.29,0,0,Danyame/ Near Kusibo Sign Post,2,1,1,24,1,1,1,25.36,93.1,6.35,74.3,409,0,260,0.13
AGO167-27,AGO167-27-S1,AGO167,AGOGO,Moore Swab,1,2022-07-13T00:00:00Z,1,24.76,20.7,0,Danyame/ Near Kusibo Sign Post,2,1,1,24,1,1,1,25.36,93.1,6.35,74.3,409,0,260,0.13
AGO167-27,AGO167-27-S2,AGO167,AGOGO,Moore Swab,2,2022-08-17T00:00:00Z,1,23.79,27.14,0,Danyame/ Near Kusibo Sign Post,2,1,1,24,1,1,1,25.36,93.1,6.35,74.3,409,0,260,0.13
AGO167-27,AGO167-27-S3,AGO167,AGOGO,Moore Swab,3,2022-10-12T00:00:00Z,1,24.85,24.53,0,Danyame/ Near Kusibo Sign Post,2,1,1,24,1,1,1,25.36,93.1,6.35,74.3,409,0,260,0.13
AGO167-27,AGO167-27-S4,AGO167,AGOGO,Moore Swab,4,2022-11-08T00:00:00Z,2,24.24,26.47,0,Danyame/ Near Kusibo Sign Post,2,1,1,24,1,1,1,25.36,93.1,6.35,74.3,409,0,260,0.13
AGO167-27,AGO167-27-S5,AGO167,AGOGO,Moore Swab,5,2023-01-12T00:00:00Z,1,25.16,22.38,1,Danyame/ Near Kusibo Sign Post,2,1,1,24,1,1,1,25.36,93.1,6.35,74.3,409,0,260,0.13
AGO167-27,AGO167-27-S6,AGO167,AGOGO,Moore Swab,6,2023-01-26T00:00:00Z,2,22.32,28.26,1,Danyame/ Near Kusibo Sign Post,2,1,1,24,1,1,1,25.36,93.1,6.35,74.3,409,0,260,0.13
AGO167-30,AGO167-30-G1,AGO167,AGOGO,Grab,1,2022-07-29T00:00:00Z,2,24.86,0,0,Concrete gutter Near the Transformer,2,1,1,24,2,1,1,22.85,-186.5,7.36,12.3,1822,0,1188,0.91
AGO167-30,AGO167-30-G2,AGO167,AGOGO,Grab,2,2022-08-16T00:00:00Z,2,23.26,37.01,0,Concrete gutter Near the Transformer,2,1,1,24,2,1,1,22.85,-186.5,7.36,12.3,1822,0,1188,0.91
AGO167-30,AGO167-30-G3,AGO167,AGOGO,Grab,3,2022-10-07T00:00:00Z,1,26.03,37.52,0,Concrete gutter Near the Transformer,2,1,1,24,2,1,1,22.85,-186.5,7.36,12.3,1822,0,1188,0.91
AGO167-30,AGO167-30-G4,AGO167,AGOGO,Grab,4,2022-11-04T00:00:00Z,2,23.53,31.02,0,Concrete gutter Near the Transformer,2,1,1,24,2,1,1,22.85,-186.5,7.36,12.3,1822,0,1188,0.91
AGO167-30,AGO167-30-G5,AGO167,AGOGO,Grab,5,2023-01-12T00:00:00Z,2,21.65,24.13,0,Concrete gutter Near the Transformer,2,1,1,24,2,1,1,22.85,-186.5,7.36,12.3,1822,0,1188,0.91
AGO167-30,AGO167-30-G6,AGO167,AGOGO,Grab,6,2023-02-01T00:00:00Z,2,20.58,29.73,0,Concrete gutter Near the Transformer,2,1,1,24,2,1,1,22.85,-186.5,7.36,12.3,1822,0,1188,0.91
AGO167-30,AGO167-30-S1,AGO167,AGOGO,Moore Swab,1,2022-07-29T00:00:00Z,1,25.88,28.02,1,Concrete gutter Near the Transformer,2,1,1,24,2,1,1,22.85,-186.5,7.36,12.3,1822,0,1188,0.91
AGO167-30,AGO167-30-S2,AGO167,AGOGO,Moore Swab,2,2022-08-16T00:00:00Z,2,25.11,26.82,0,Concrete gutter Near the Transformer,2,1,1,24,2,1,1,22.85,-186.5,7.36,12.3,1822,0,1188,0.91
AGO167-30,AGO167-30-S3,AGO167,AGOGO,Moore Swab,3,2022-10-07T00:00:00Z,1,25.77,24.44,1,Concrete gutter Near the Transformer,2,1,1,24,2,1,1,22.85,-186.5,7.36,12.3,1822,0,1188,0.91
AGO167-30,AGO167-30-S4,AGO167,AGOGO,Moore Swab,4,2022-11-04T00:00:00Z,2,24.48,23.08,0,Concrete gutter Near the Transformer,2,1,1,24,2,1,1,22.85,-186.5,7.36,12.3,1822,0,1188,0.91
AGO167-30,AGO167-30-S5,AGO167,AGOGO,Moore Swab,5,2023-01-12T00:00:00Z,2,23.25,22.46,0,Concrete gutter Near the Transformer,2,1,1,24,2,1,1,22.85,-186.5,7.36,12.3,1822,0,1188,0.91
AGO167-30,AGO167-30-S6,AGO167,AGOGO,Moore Swab,6,2023-02-01T00:00:00Z,2,19.41,36.97,0,Concrete gutter Near the Transformer,2,1,1,24,2,1,1,22.85,-186.5,7.36,12.3,1822,0,1188,0.91
AGO171-03,AGO171-03-G1,AGO171,AGOGO,Grab,1,2022-07-14T00:00:00Z,1,21.94,39.01,0,Bs Phones/ Yamoah Stone,2,1,1,24,1,1,1,24.8,-3505,7.87,31.3,4268,0,2765,2.26
AGO171-03,AGO171-03-G2,AGO171,AGOGO,Grab,2,2022-09-27T00:00:00Z,2,27.55,0,0,Bs Phones/ Yamoah Stone,2,1,1,24,1,1,1,24.8,-3505,7.87,31.3,4268,0,2765,2.26
AGO171-03,AGO171-03-G3,AGO171,AGOGO,Grab,3,2022-10-19T00:00:00Z,1,25.96,36.36,0,Bs Phones/ Yamoah Stone,2,1,1,24,1,1,1,24.8,-3505,7.87,31.3,4268,0,2765,2.26
AGO171-03,AGO171-03-G4,AGO171,AGOGO,Grab,4,2022-11-16T00:00:00Z,1,26.05,27.06,0,Bs Phones/ Yamoah Stone,2,1,1,24,1,1,1,24.8,-3505,7.87,31.3,4268,0,2765,2.26
AGO171-03,AGO171-03-G5,AGO171,AGOGO,Grab,5,2023-01-19T00:00:00Z,2,27.2,0,0,Bs Phones/ Yamoah Stone,2,1,1,24,1,1,1,24.8,-3505,7.87,31.3,4268,0,2765,2.26
AGO171-03,AGO171-03-G6,AGO171,AGOGO,Grab,6,2023-02-02T00:00:00Z,1,20.19,35.92,0,Bs Phones/ Yamoah Stone,2,1,1,24,1,1,1,24.8,-3505,7.87,31.3,4268,0,2765,2.26
AGO171-03,AGO171-03-S1,AGO171,AGOGO,Moore Swab,1,2022-07-14T00:00:00Z,1,23.32,24.36,1,Bs Phones/ Yamoah Stone,2,1,1,24,1,1,1,24.8,-3505,7.87,31.3,4268,0,2765,2.26
AGO171-03,AGO171-03-S2,AGO171,AGOGO,Moore Swab,2,2022-09-27T00:00:00Z,1,26.71,28.31,0,Bs Phones/ Yamoah Stone,2,1,1,24,1,1,1,24.8,-3505,7.87,31.3,4268,0,2765,2.26
AGO171-03,AGO171-03-S3,AGO171,AGOGO,Moore Swab,3,2022-10-19T00:00:00Z,1,22.04,31.63,0,Bs Phones/ Yamoah Stone,2,1,1,24,1,1,1,24.8,-3505,7.87,31.3,4268,0,2765,2.26
AGO171-03,AGO171-03-S4,AGO171,AGOGO,Moore Swab,4,2022-11-16T00:00:00Z,2,23.95,24.02,0,Bs Phones/ Yamoah Stone,2,1,1,24,1,1,1,24.8,-3505,7.87,31.3,4268,0,2765,2.26
AGO171-03,AGO171-03-S5,AGO171,AGOGO,Moore Swab,5,2023-01-19T00:00:00Z,1,24.72,28.58,0,Bs Phones/ Yamoah Stone,2,1,1,24,1,1,1,24.8,-3505,7.87,31.3,4268,0,2765,2.26
AGO171-03,AGO171-03-S6,AGO171,AGOGO,Moore Swab,6,2023-02-02T00:00:00Z,1,21.98,34.06,0,Bs Phones/ Yamoah Stone,2,1,1,24,1,1,1,24.8,-3505,7.87,31.3,4268,0,2765,2.26
AGO174-15,AGO174-15-G1,AGO174,AGOGO,Grab,1,2022-07-21T00:00:00Z,2,32.6,0,0,Alajo Down (Net Covered Farm),1,2,2,24,1,1,1,27,-147.5,7.02,75.4,505,0,329,0.21
AGO174-15,AGO174-15-G2,AGO174,AGOGO,Grab,2,2022-09-29T00:00:00Z,2,26.12,37.38,0,Alajo Down (Net Covered Farm),1,2,2,24,1,1,1,27,-147.5,7.02,75.4,505,0,329,0.21
AGO174-15,AGO174-15-G3,AGO174,AGOGO,Grab,3,2022-10-21T00:00:00Z,2,23.87,30.18,0,Alajo Down (Net Covered Farm),1,2,2,24,1,1,1,27,-147.5,7.02,75.4,505,0,329,0.21
AGO174-15,AGO174-15-G4,AGO174,AGOGO,Grab,4,2022-11-22T00:00:00Z,2,29.17,0,0,Alajo Down (Net Covered Farm),1,2,2,24,1,1,1,27,-147.5,7.02,75.4,505,0,329,0.21
AGO174-15,AGO174-15-G5,AGO174,AGOGO,Grab,5,2022-12-23T00:00:00Z,2,23.69,0,0,Alajo Down (Net Covered Farm),1,2,2,24,1,1,1,27,-147.5,7.02,75.4,505,0,329,0.21
AGO174-15,AGO174-15-G6,AGO174,AGOGO,Grab,6,2023-01-24T00:00:00Z,2,23.41,0,0,Alajo Down (Net Covered Farm),1,2,2,24,1,1,1,27,-147.5,7.02,75.4,505,0,329,0.21
AGO174-15,AGO174-15-S1,AGO174,AGOGO,Moore Swab,1,2022-07-21T00:00:00Z,1,23.5,22.46,0,Alajo Down (Net Covered Farm),1,2,2,24,1,1,1,27,-147.5,7.02,75.4,505,0,329,0.21
AGO174-15,AGO174-15-S2,AGO174,AGOGO,Moore Swab,2,2022-09-29T00:00:00Z,2,26.48,28.08,1,Alajo Down (Net Covered Farm),1,2,2,24,1,1,1,27,-147.5,7.02,75.4,505,0,329,0.21
AGO174-15,AGO174-15-S3,AGO174,AGOGO,Moore Swab,3,2022-10-21T00:00:00Z,2,23.53,17.84,1,Alajo Down (Net Covered Farm),1,2,2,24,1,1,1,27,-147.5,7.02,75.4,505,0,329,0.21
AGO174-15,AGO174-15-S4,AGO174,AGOGO,Moore Swab,4,2022-11-22T00:00:00Z,2,23.24,24.93,0,Alajo Down (Net Covered Farm),1,2,2,24,1,1,1,27,-147.5,7.02,75.4,505,0,329,0.21
AGO174-15,AGO174-15-S5,AGO174,AGOGO,Moore Swab,5,2022-12-23T00:00:00Z,1,23.22,21.54,0,Alajo Down (Net Covered Farm),1,2,2,24,1,1,1,27,-147.5,7.02,75.4,505,0,329,0.21
AGO174-15,AGO174-15-S6,AGO174,AGOGO,Moore Swab,6,2023-01-24T00:00:00Z,2,19.55,22.28,1,Alajo Down (Net Covered Farm),1,2,2,24,1,1,1,27,-147.5,7.02,75.4,505,0,329,0.21
AGO175-09,AGO175-09-G1,AGO175,AGOGO,Grab,1,2022-07-19T00:00:00Z,1,26.53,37.15,0,Alajo Junction,2,1,1,24,1,1,1,25.98,117.1,7.38,1.6,2774,0,180,1.42
AGO175-09,AGO175-09-G2,AGO175,AGOGO,Grab,2,2022-09-30T00:00:00Z,1,21.51,35.09,0,Alajo Junction,2,1,1,24,1,1,1,25.98,117.1,7.38,1.6,2774,0,180,1.42
AGO175-09,AGO175-09-G3,AGO175,AGOGO,Grab,3,2022-10-21T00:00:00Z,2,24.64,34.37,0,Alajo Junction,2,1,1,24,1,1,1,25.98,117.1,7.38,1.6,2774,0,180,1.42
AGO175-09,AGO175-09-G4,AGO175,AGOGO,Grab,4,2022-11-22T00:00:00Z,2,21.37,36.13,0,Alajo Junction,2,1,1,24,1,1,1,25.98,117.1,7.38,1.6,2774,0,180,1.42
AGO175-09,AGO175-09-G5,AGO175,AGOGO,Grab,5,2022-12-23T00:00:00Z,2,21.09,35.16,0,Alajo Junction,2,1,1,24,1,1,1,25.98,117.1,7.38,1.6,2774,0,180,1.42
AGO175-09,AGO175-09-G6,AGO175,AGOGO,Grab,6,2023-01-24T00:00:00Z,2,19.87,30.1,0,Alajo Junction,2,1,1,24,1,1,1,25.98,117.1,7.38,1.6,2774,0,180,1.42
AGO175-09,AGO175-09-S1,AGO175,AGOGO,Moore Swab,1,2022-07-19T00:00:00Z,2,21.69,24.4,0,Alajo Junction,2,1,1,24,1,1,1,25.98,117.1,7.38,1.6,2774,0,180,1.42
AGO175-09,AGO175-09-S2,AGO175,AGOGO,Moore Swab,2,2022-09-30T00:00:00Z,2,28.35,29.7,1,Alajo Junction,2,1,1,24,1,1,1,25.98,117.1,7.38,1.6,2774,0,180,1.42
AGO175-09,AGO175-09-S3,AGO175,AGOGO,Moore Swab,3,2022-10-21T00:00:00Z,2,24.93,18.89,0,Alajo Junction,2,1,1,24,1,1,1,25.98,117.1,7.38,1.6,2774,0,180,1.42
AGO175-09,AGO175-09-S4,AGO175,AGOGO,Moore Swab,4,2022-11-22T00:00:00Z,1,23.21,26.01,0,Alajo Junction,2,1,1,24,1,1,1,25.98,117.1,7.38,1.6,2774,0,180,1.42
AGO175-09,AGO175-09-S5,AGO175,AGOGO,Moore Swab,5,2022-12-23T00:00:00Z,2,21.23,24.15,0,Alajo Junction,2,1,1,24,1,1,1,25.98,117.1,7.38,1.6,2774,0,180,1.42
AGO175-09,AGO175-09-S6,AGO175,AGOGO,Moore Swab,6,2023-01-24T00:00:00Z,2,21.74,30.5,0,Alajo Junction,2,1,1,24,1,1,1,25.98,117.1,7.38,1.6,2774,0,180,1.42
AGO176-08,AGO176-08-G1,AGO176,AGOGO,Grab,1,2022-07-19T00:00:00Z,1,30.52,31.65,1,NANA AKUA ABRAFI MEMORIAL HOUSE,2,1,1,24,1,1,1,28.3,-149.7,7.87,1.6,2660,0,1725,1.38
AGO176-08,AGO176-08-G2,AGO176,AGOGO,Grab,2,2022-09-28T00:00:00Z,2,30.9,0,0,NANA AKUA ABRAFI MEMORIAL HOUSE,2,1,1,24,1,1,1,28.3,-149.7,7.87,1.6,2660,0,1725,1.38
AGO176-08,AGO176-08-G3,AGO176,AGOGO,Grab,3,2022-10-20T00:00:00Z,1,24.92,37.94,1,NANA AKUA ABRAFI MEMORIAL HOUSE,2,1,1,24,1,1,1,28.3,-149.7,7.87,1.6,2660,0,1725,1.38
AGO176-08,AGO176-08-G4,AGO176,AGOGO,Grab,4,2022-11-17T00:00:00Z,2,26.46,0,0,NANA AKUA ABRAFI MEMORIAL HOUSE,2,1,1,24,1,1,1,28.3,-149.7,7.87,1.6,2660,0,1725,1.38
AGO176-08,AGO176-08-G5,AGO176,AGOGO,Grab,5,2022-12-23T00:00:00Z,2,22.52,33.67,0,NANA AKUA ABRAFI MEMORIAL HOUSE,2,1,1,24,1,1,1,28.3,-149.7,7.87,1.6,2660,0,1725,1.38
AGO176-08,AGO176-08-G6,AGO176,AGOGO,Grab,6,2023-01-24T00:00:00Z,2,19.98,27.38,1,NANA AKUA ABRAFI MEMORIAL HOUSE,2,1,1,24,1,1,1,28.3,-149.7,7.87,1.6,2660,0,1725,1.38
AGO176-08,AGO176-08-S1,AGO176,AGOGO,Moore Swab,1,2022-07-19T00:00:00Z,1,23.3,18.19,1,NANA AKUA ABRAFI MEMORIAL HOUSE,2,1,1,24,1,1,1,28.3,-149.7,7.87,1.6,2660,0,1725,1.38
AGO176-08,AGO176-08-S2,AGO176,AGOGO,Moore Swab,2,2022-09-28T00:00:00Z,2,24.85,22.9,1,NANA AKUA ABRAFI MEMORIAL HOUSE,2,1,1,24,1,1,1,28.3,-149.7,7.87,1.6,2660,0,1725,1.38
AGO176-08,AGO176-08-S3,AGO176,AGOGO,Moore Swab,3,2022-10-20T00:00:00Z,2,24.3,32.22,1,NANA AKUA ABRAFI MEMORIAL HOUSE,2,1,1,24,1,1,1,28.3,-149.7,7.87,1.6,2660,0,1725,1.38
AGO176-08,AGO176-08-S4,AGO176,AGOGO,Moore Swab,4,2022-11-17T00:00:00Z,2,24.35,24.11,0,NANA AKUA ABRAFI MEMORIAL HOUSE,2,1,1,24,1,1,1,28.3,-149.7,7.87,1.6,2660,0,1725,1.38
AGO176-08,AGO176-08-S5,AGO176,AGOGO,Moore Swab,5,2022-12-23T00:00:00Z,2,21.84,18.24,0,NANA AKUA ABRAFI MEMORIAL HOUSE,2,1,1,24,1,1,1,28.3,-149.7,7.87,1.6,2660,0,1725,1.38
AGO176-08,AGO176-08-S6,AGO176,AGOGO,Moore Swab,6,2023-01-24T00:00:00Z,1,21.15,24.01,0,NANA AKUA ABRAFI MEMORIAL HOUSE,2,1,1,24,1,1,1,28.3,-149.7,7.87,1.6,2660,0,1725,1.38
AGO177-04,AGO177-04-G1,AGO177,AGOGO,Grab,1,2022-07-15T00:00:00Z,1,23.35,35.69,0,6th NORTH STREET(OPPOSITE ABRANTIE SPORT),2,1,1,24,1,1,1,24.6,-274.8,6.24,1.8,3857,0,2507,2.02
AGO177-04,AGO177-04-G2,AGO177,AGOGO,Grab,2,2022-09-27T00:00:00Z,2,22.22,34.48,1,6th NORTH STREET(OPPOSITE ABRANTIE SPORT),2,1,1,24,1,1,1,24.6,-274.8,6.24,1.8,3857,0,2507,2.02
AGO177-04,AGO177-04-G3,AGO177,AGOGO,Grab,3,2022-10-19T00:00:00Z,2,26.75,34.61,0,6th NORTH STREET(OPPOSITE ABRANTIE SPORT),2,1,1,24,1,1,1,24.6,-274.8,6.24,1.8,3857,0,2507,2.02
AGO177-04,AGO177-04-G4,AGO177,AGOGO,Grab,4,2022-11-16T00:00:00Z,2,23.61,26.56,0,6th NORTH STREET(OPPOSITE ABRANTIE SPORT),2,1,1,24,1,1,1,24.6,-274.8,6.24,1.8,3857,0,2507,2.02
AGO177-04,AGO177-04-G5,AGO177,AGOGO,Grab,5,2023-01-11T00:00:00Z,2,21.81,27.44,0,6th NORTH STREET(OPPOSITE ABRANTIE SPORT),2,1,1,24,1,1,1,24.6,-274.8,6.24,1.8,3857,0,2507,2.02
AGO177-04,AGO177-04-G6,AGO177,AGOGO,Grab,6,2023-01-25T00:00:00Z,2,22.37,37.17,1,6th NORTH STREET(OPPOSITE ABRANTIE SPORT),2,1,1,24,1,1,1,24.6,-274.8,6.24,1.8,3857,0,2507,2.02
AGO177-04,AGO177-04-S1,AGO177,AGOGO,Moore Swab,1,2022-07-15T00:00:00Z,1,23.48,29.97,0,6th NORTH STREET(OPPOSITE ABRANTIE SPORT),2,1,1,24,1,1,1,24.6,-274.8,6.24,1.8,3857,0,2507,2.02
AGO177-04,AGO177-04-S2,AGO177,AGOGO,Moore Swab,2,2022-09-27T00:00:00Z,2,25.92,29.65,1,6th NORTH STREET(OPPOSITE ABRANTIE SPORT),2,1,1,24,1,1,1,24.6,-274.8,6.24,1.8,3857,0,2507,2.02
AGO177-04,AGO177-04-S3,AGO177,AGOGO,Moore Swab,3,2022-10-19T00:00:00Z,1,22.62,33.3,0,6th NORTH STREET(OPPOSITE ABRANTIE SPORT),2,1,1,24,1,1,1,24.6,-274.8,6.24,1.8,3857,0,2507,2.02
AGO177-04,AGO177-04-S4,AGO177,AGOGO,Moore Swab,4,2022-11-16T00:00:00Z,2,24.22,22.96,0,6th NORTH STREET(OPPOSITE ABRANTIE SPORT),2,1,1,24,1,1,1,24.6,-274.8,6.24,1.8,3857,0,2507,2.02
AGO177-04,AGO177-04-S5,AGO177,AGOGO,Moore Swab,5,2023-01-11T00:00:00Z,2,23.96,25.54,0,6th NORTH STREET(OPPOSITE ABRANTIE SPORT),2,1,1,24,1,1,1,24.6,-274.8,6.24,1.8,3857,0,2507,2.02
AGO177-04,AGO177-04-S6,AGO177,AGOGO,Moore Swab,6,2023-01-25T00:00:00Z,2,25.59,27.12,1,6th NORTH STREET(OPPOSITE ABRANTIE SPORT),2,1,1,24,1,1,1,24.6,-274.8,6.24,1.8,3857,0,2507,2.02
AGO179-25,AGO179-25-G1,AGO179,AGOGO,Grab,1,2022-07-12T00:00:00Z,2,22.85,28.9,0,Kwasi Eliyah Blacksmith/Polytank,2,1,1,24,1,1,1,26.3,-281.9,7.24,0.9,3344,0,2167,1.73
AGO179-25,AGO179-25-G2,AGO179,AGOGO,Grab,2,2022-09-20T00:00:00Z,2,24.05,33.58,0,Kwasi Eliyah Blacksmith/Polytank,2,1,1,24,1,1,1,26.3,-281.9,7.24,0.9,3344,0,2167,1.73
AGO179-25,AGO179-25-G3,AGO179,AGOGO,Grab,3,2022-10-11T00:00:00Z,2,24.02,30.63,0,Kwasi Eliyah Blacksmith/Polytank,2,1,1,24,1,1,1,26.3,-281.9,7.24,0.9,3344,0,2167,1.73
AGO179-25,AGO179-25-G4,AGO179,AGOGO,Grab,4,2022-11-09T00:00:00Z,2,24.19,30.11,0,Kwasi Eliyah Blacksmith/Polytank,2,1,1,24,1,1,1,26.3,-281.9,7.24,0.9,3344,0,2167,1.73
AGO179-25,AGO179-25-G5,AGO179,AGOGO,Grab,5,2023-01-12T00:00:00Z,2,22.97,25.83,0,Kwasi Eliyah Blacksmith/Polytank,2,1,1,24,1,1,1,26.3,-281.9,7.24,0.9,3344,0,2167,1.73
AGO179-25,AGO179-25-G6,AGO179,AGOGO,Grab,6,2023-01-27T00:00:00Z,2,20.14,36.99,0,Kwasi Eliyah Blacksmith/Polytank,2,1,1,24,1,1,1,26.3,-281.9,7.24,0.9,3344,0,2167,1.73
AGO179-25,AGO179-25-S1,AGO179,AGOGO,Moore Swab,1,2022-07-12T00:00:00Z,1,23.9,21.17,0,Kwasi Eliyah Blacksmith/Polytank,2,1,1,24,1,1,1,26.3,-281.9,7.24,0.9,3344,0,2167,1.73
AGO179-25,AGO179-25-S2,AGO179,AGOGO,Moore Swab,2,2022-09-20T00:00:00Z,2,23.98,27.94,1,Kwasi Eliyah Blacksmith/Polytank,2,1,1,24,1,1,1,26.3,-281.9,7.24,0.9,3344,0,2167,1.73
AGO179-25,AGO179-25-S3,AGO179,AGOGO,Moore Swab,3,2022-10-11T00:00:00Z,1,27.61,24.6,1,Kwasi Eliyah Blacksmith/Polytank,2,1,1,24,1,1,1,26.3,-281.9,7.24,0.9,3344,0,2167,1.73
AGO179-25,AGO179-25-S4,AGO179,AGOGO,Moore Swab,4,2022-11-09T00:00:00Z,2,23.76,22.28,1,Kwasi Eliyah Blacksmith/Polytank,2,1,1,24,1,1,1,26.3,-281.9,7.24,0.9,3344,0,2167,1.73
AGO179-25,AGO179-25-S5,AGO179,AGOGO,Moore Swab,5,2023-01-12T00:00:00Z,2,24.13,27,1,Kwasi Eliyah Blacksmith/Polytank,2,1,1,24,1,1,1,26.3,-281.9,7.24,0.9,3344,0,2167,1.73
AGO179-25,AGO179-25-S6,AGO179,AGOGO,Moore Swab,6,2023-01-27T00:00:00Z,2,21.37,25.12,1,Kwasi Eliyah Blacksmith/Polytank,2,1,1,24,1,1,1,26.3,-281.9,7.24,0.9,3344,0,2167,1.73
AGO179-26,AGO179-26-G1,AGO179,AGOGO,Grab,1,2022-07-12T00:00:00Z,2,24.67,34.69,0,Greater Triumph ministry,2,1,2,24,2,1,1,27.9,6.4,7.78,102.7,937,0,60,0.39
AGO179-26,AGO179-26-G2,AGO179,AGOGO,Grab,2,2022-09-20T00:00:00Z,2,27.01,39.08,0,Greater Triumph ministry,2,1,2,24,2,1,1,27.9,6.4,7.78,102.7,937,0,60,0.39
AGO179-26,AGO179-26-G3,AGO179,AGOGO,Grab,3,2022-10-11T00:00:00Z,2,24.41,0,0,Greater Triumph ministry,2,1,2,24,2,1,1,27.9,6.4,7.78,102.7,937,0,60,0.39
AGO179-26,AGO179-26-G4,AGO179,AGOGO,Grab,4,2022-11-08T00:00:00Z,2,27.99,0,0,Greater Triumph ministry,2,1,2,24,2,1,1,27.9,6.4,7.78,102.7,937,0,60,0.39
AGO179-26,AGO179-26-G5,AGO179,AGOGO,Grab,5,2023-01-12T00:00:00Z,2,21.65,39.28,0,Greater Triumph ministry,2,1,2,24,2,1,1,27.9,6.4,7.78,102.7,937,0,60,0.39
AGO179-26,AGO179-26-G6,AGO179,AGOGO,Grab,6,2023-01-26T00:00:00Z,2,24.18,0,0,Greater Triumph ministry,2,1,2,24,2,1,1,27.9,6.4,7.78,102.7,937,0,60,0.39
AGO179-26,AGO179-26-S1,AGO179,AGOGO,Moore Swab,1,2022-07-12T00:00:00Z,2,24.35,24.37,1,Greater Triumph ministry,2,1,2,24,2,1,1,27.9,6.4,7.78,102.7,937,0,60,0.39
AGO179-26,AGO179-26-S2,AGO179,AGOGO,Moore Swab,2,2022-09-20T00:00:00Z,2,24.31,23.45,1,Greater Triumph ministry,2,1,2,24,2,1,1,27.9,6.4,7.78,102.7,937,0,60,0.39
AGO179-26,AGO179-26-S3,AGO179,AGOGO,Moore Swab,3,2022-11-08T00:00:00Z,2,25.45,25.77,1,Greater Triumph ministry,2,1,2,24,2,1,1,27.9,6.4,7.78,102.7,937,0,60,0.39
AGO179-26,AGO179-26-S4,AGO179,AGOGO,Moore Swab,4,2023-01-12T00:00:00Z,2,24.4,24.28,1,Greater Triumph ministry,2,1,2,24,2,1,1,27.9,6.4,7.78,102.7,937,0,60,0.39
AGO179-26,AGO179-26-S5,AGO179,AGOGO,Moore Swab,5,2023-01-12T00:00:00Z,2,24.4,31.52,1,Greater Triumph ministry,2,1,2,24,2,1,1,27.9,6.4,7.78,102.7,937,0,60,0.39
AGO179-26,AGO179-26-S6,AGO179,AGOGO,Moore Swab,6,2023-01-26T00:00:00Z,2,22.27,25.62,1,Greater Triumph ministry,2,1,2,24,2,1,1,27.9,6.4,7.78,102.7,937,0,60,0.39
AGO179-37,AGO179-37-G1,AGO179,AGOGO,Grab,1,2022-07-29T00:00:00Z,2,24.63,0,0,Concrete Bridge Near CAC,2,1,1,24,1,1,1,29.9,-224.8,7.37,1.6,2227,0,1446,1.13
AGO179-37,AGO179-37-G2,AGO179,AGOGO,Grab,2,2022-08-17T00:00:00Z,1,27.36,0,0,Concrete Bridge Near CAC,2,1,1,24,1,1,1,29.9,-224.8,7.37,1.6,2227,0,1446,1.13
AGO179-37,AGO179-37-G3,AGO179,AGOGO,Grab,3,2022-10-12T00:00:00Z,1,24.26,34.56,0,Concrete Bridge Near CAC,2,1,1,24,1,1,1,29.9,-224.8,7.37,1.6,2227,0,1446,1.13
AGO179-37,AGO179-37-G4,AGO179,AGOGO,Grab,4,2022-11-08T00:00:00Z,2,24.07,29.36,0,Concrete Bridge Near CAC,2,1,1,24,1,1,1,29.9,-224.8,7.37,1.6,2227,0,1446,1.13
AGO179-37,AGO179-37-G5,AGO179,AGOGO,Grab,5,2023-01-12T00:00:00Z,2,21.05,34.32,0,Concrete Bridge Near CAC,2,1,1,24,1,1,1,29.9,-224.8,7.37,1.6,2227,0,1446,1.13
AGO179-37,AGO179-37-G6,AGO179,AGOGO,Grab,6,2023-01-26T00:00:00Z,2,20.14,36.21,0,Concrete Bridge Near CAC,2,1,1,24,1,1,1,29.9,-224.8,7.37,1.6,2227,0,1446,1.13
AGO179-37,AGO179-37-S1,AGO179,AGOGO,Moore Swab,1,2022-07-29T00:00:00Z,2,26.07,31.8,0,Concrete Bridge Near CAC,2,1,1,24,1,1,1,29.9,-224.8,7.37,1.6,2227,0,1446,1.13
AGO179-37,AGO179-37-S2,AGO179,AGOGO,Moore Swab,2,2022-08-17T00:00:00Z,1,24.59,23.8,0,Concrete Bridge Near CAC,2,1,1,24,1,1,1,29.9,-224.8,7.37,1.6,2227,0,1446,1.13
AGO179-37,AGO179-37-S3,AGO179,AGOGO,Moore Swab,3,2022-10-12T00:00:00Z,1,24.74,25.87,0,Concrete Bridge Near CAC,2,1,1,24,1,1,1,29.9,-224.8,7.37,1.6,2227,0,1446,1.13
AGO179-37,AGO179-37-S4,AGO179,AGOGO,Moore Swab,4,2022-11-08T00:00:00Z,1,24.06,22.13,1,Concrete Bridge Near CAC,2,1,1,24,1,1,1,29.9,-224.8,7.37,1.6,2227,0,1446,1.13
AGO179-37,AGO179-37-S5,AGO179,AGOGO,Moore Swab,5,2023-01-13T00:00:00Z,1,27.31,29.32,0,Concrete Bridge Near CAC,2,1,1,24,1,1,1,29.9,-224.8,7.37,1.6,2227,0,1446,1.13
AGO179-37,AGO179-37-S6,AGO179,AGOGO,Moore Swab,6,2023-01-26T00:00:00Z,1,21.57,20.87,0,Concrete Bridge Near CAC,2,1,1,24,1,1,1,29.9,-224.8,7.37,1.6,2227,0,1446,1.13
AGO182-23,AGO182-23-G1,AGO182,AGOGO,Grab,1,2022-07-11T00:00:00Z,2,22.77,0,0,E.G Pharmacy,2,1,1,24,2,1,1,23.75,-326,7.37,19.5,4214,0,2739,2.23
AGO182-23,AGO182-23-G2,AGO182,AGOGO,Grab,2,2022-09-22T00:00:00Z,1,23.51,34.16,0,E.G Pharmacy,2,1,1,24,2,1,1,23.75,-326,7.37,19.5,4214,0,2739,2.23
AGO182-23,AGO182-23-G3,AGO182,AGOGO,Grab,3,2022-10-12T00:00:00Z,2,23.25,28.01,0,E.G Pharmacy,2,1,1,24,2,1,1,23.75,-326,7.37,19.5,4214,0,2739,2.23
AGO182-23,AGO182-23-G4,AGO182,AGOGO,Grab,4,2022-11-09T00:00:00Z,2,23.15,33.03,0,E.G Pharmacy,2,1,1,24,2,1,1,23.75,-326,7.37,19.5,4214,0,2739,2.23
AGO182-23,AGO182-23-G5,AGO182,AGOGO,Grab,5,2023-01-19T00:00:00Z,2,22.62,27.01,0,E.G Pharmacy,2,1,1,24,2,1,1,23.75,-326,7.37,19.5,4214,0,2739,2.23
AGO182-23,AGO182-23-G6,AGO182,AGOGO,Grab,6,2023-02-02T00:00:00Z,2,21.67,32.32,0,E.G Pharmacy,2,1,1,24,2,1,1,23.75,-326,7.37,19.5,4214,0,2739,2.23
AGO182-23,AGO182-23-S1,AGO182,AGOGO,Moore Swab,1,2022-07-11T00:00:00Z,1,24.08,30.47,0,E.G Pharmacy,2,1,1,24,2,1,1,23.75,-326,7.37,19.5,4214,0,2739,2.23
AGO182-23,AGO182-23-S2,AGO182,AGOGO,Moore Swab,2,2022-09-22T00:00:00Z,1,25.6,27.64,1,E.G Pharmacy,2,1,1,24,2,1,1,23.75,-326,7.37,19.5,4214,0,2739,2.23
AGO182-23,AGO182-23-S3,AGO182,AGOGO,Moore Swab,3,2022-10-12T00:00:00Z,1,25.22,23.97,1,E.G Pharmacy,2,1,1,24,2,1,1,23.75,-326,7.37,19.5,4214,0,2739,2.23
AGO182-23,AGO182-23-S4,AGO182,AGOGO,Moore Swab,4,2022-11-09T00:00:00Z,1,23.74,28.01,0,E.G Pharmacy,2,1,1,24,2,1,1,23.75,-326,7.37,19.5,4214,0,2739,2.23
AGO182-23,AGO182-23-S5,AGO182,AGOGO,Moore Swab,5,2023-01-19T00:00:00Z,2,23.48,28.21,0,E.G Pharmacy,2,1,1,24,2,1,1,23.75,-326,7.37,19.5,4214,0,2739,2.23
AGO182-23,AGO182-23-S6,AGO182,AGOGO,Moore Swab,6,2023-02-02T00:00:00Z,2,22.38,30.67,0,E.G Pharmacy,2,1,1,24,2,1,1,23.75,-326,7.37,19.5,4214,0,2739,2.23
AGO183-05,AGO183-05-G1,AGO183,AGOGO,Grab,1,2022-07-15T00:00:00Z,1,25.22,31.18,0,Ayeforo Fast Food,2,1,1,24,1,1,1,26.4,-251.2,7.54,1.6,2985,0,1951,1.56
AGO183-05,AGO183-05-G2,AGO183,AGOGO,Grab,2,2022-09-23T00:00:00Z,1,23.41,31.2,0,Ayeforo Fast Food,2,1,1,24,1,1,1,26.4,-251.2,7.54,1.6,2985,0,1951,1.56
AGO183-05,AGO183-05-G3,AGO183,AGOGO,Grab,3,2022-11-15T00:00:00Z,1,22.4,29.23,0,Ayeforo Fast Food,2,1,1,24,1,1,1,26.4,-251.2,7.54,1.6,2985,0,1951,1.56
AGO183-05,AGO183-05-G4,AGO183,AGOGO,Grab,4,2023-01-11T00:00:00Z,2,22.63,23.36,0,Ayeforo Fast Food,2,1,1,24,1,1,1,26.4,-251.2,7.54,1.6,2985,0,1951,1.56
AGO183-05,AGO183-05-S5,AGO183,AGOGO,Grab,5,2022-10-18T00:00:00Z,1,22.4,26.23,0,Ayeforo Fast Food,2,1,1,24,1,1,1,26.4,-251.2,7.54,1.6,2985,0,1951,1.56
AGO183-05,AGO183-05-G6,AGO183,AGOGO,Grab,6,2023-01-25T00:00:00Z,1,20.28,31.15,1,Ayeforo Fast Food,2,1,1,24,1,1,1,26.4,-251.2,7.54,1.6,2985,0,1951,1.56
AGO183-05,AGO183-05-S1,AGO183,AGOGO,Moore Swab,1,2022-07-15T00:00:00Z,2,23.58,21.66,1,Ayeforo Fast Food,2,1,1,24,1,1,1,26.4,-251.2,7.54,1.6,2985,0,1951,1.56
AGO183-05,AGO183-05-S2,AGO183,AGOGO,Moore Swab,2,2022-09-23T00:00:00Z,2,29.11,22.45,1,Ayeforo Fast Food,2,1,1,24,1,1,1,26.4,-251.2,7.54,1.6,2985,0,1951,1.56
AGO183-05,AGO183-05-S3,AGO183,AGOGO,Moore Swab,3,2022-10-18T00:00:00Z,1,22.4,25.66,0,Ayeforo Fast Food,2,1,1,24,1,1,1,26.4,-251.2,7.54,1.6,2985,0,1951,1.56
AGO183-05,AGO183-05-S4,AGO183,AGOGO,Moore Swab,4,2022-10-18T00:00:00Z,1,23.72,23,0,Ayeforo Fast Food,2,1,1,24,1,1,1,26.4,-251.2,7.54,1.6,2985,0,1951,1.56
AGO183-05,AGO183-05-S5,AGO183,AGOGO,Moore Swab,5,2022-11-15T00:00:00Z,1,23.48,24.2,0,Ayeforo Fast Food,2,1,1,24,1,1,1,26.4,-251.2,7.54,1.6,2985,0,1951,1.56
AGO183-05,AGO183-05-S6,AGO183,AGOGO,Moore Swab,6,2023-01-25T00:00:00Z,1,22.04,33.27,0,Ayeforo Fast Food,2,1,1,24,1,1,1,26.4,-251.2,7.54,1.6,2985,0,1951,1.56
AGO183-36,AGO183-36-G1,AGO183,AGOGO,Grab,1,2022-07-28T00:00:00Z,2,29.8,0,0,Russia Stores opp the point B.S,2,1,1,24,1,1,1,26.6,-153,7.33,1.5,1577,0,1024,0.77
AGO183-36,AGO183-36-G2,AGO183,AGOGO,Grab,2,2022-09-22T00:00:00Z,1,23.57,32.9,0,Russia Stores opp the point B.S,2,1,1,24,1,1,1,26.6,-153,7.33,1.5,1577,0,1024,0.77
AGO183-36,AGO183-36-G3,AGO183,AGOGO,Grab,3,2022-10-13T00:00:00Z,2,23.9,33.08,0,Russia Stores opp the point B.S,2,1,1,24,1,1,1,26.6,-153,7.33,1.5,1577,0,1024,0.77
AGO183-36,AGO183-36-G4,AGO183,AGOGO,Grab,4,2022-11-10T00:00:00Z,2,23.19,30.38,0,Russia Stores opp the point B.S,2,1,1,24,1,1,1,26.6,-153,7.33,1.5,1577,0,1024,0.77
AGO183-36,AGO183-36-G5,AGO183,AGOGO,Grab,5,2023-01-19T00:00:00Z,2,22.6,31.66,0,Russia Stores opp the point B.S,2,1,1,24,1,1,1,26.6,-153,7.33,1.5,1577,0,1024,0.77
AGO183-36,AGO183-36-G6,AGO183,AGOGO,Grab,6,2023-02-02T00:00:00Z,2,19.78,0,0,Russia Stores opp the point B.S,2,1,1,24,1,1,1,26.6,-153,7.33,1.5,1577,0,1024,0.77
AGO183-36,AGO183-36-S1,AGO183,AGOGO,Moore Swab,1,2022-07-28T00:00:00Z,1,24.73,28.82,0,Russia Stores opp the point B.S,2,1,1,24,1,1,1,26.6,-153,7.33,1.5,1577,0,1024,0.77
AGO183-36,AGO183-36-S2,AGO183,AGOGO,Moore Swab,2,2022-09-22T00:00:00Z,1,26.61,29.03,0,Russia Stores opp the point B.S,2,1,1,24,1,1,1,26.6,-153,7.33,1.5,1577,0,1024,0.77
AGO183-36,AGO183-36-S3,AGO183,AGOGO,Moore Swab,3,2022-10-13T00:00:00Z,1,24.99,25.67,0,Russia Stores opp the point B.S,2,1,1,24,1,1,1,26.6,-153,7.33,1.5,1577,0,1024,0.77
AGO183-36,AGO183-36-S4,AGO183,AGOGO,Moore Swab,4,2022-11-10T00:00:00Z,1,23.92,20.95,0,Russia Stores opp the point B.S,2,1,1,24,1,1,1,26.6,-153,7.33,1.5,1577,0,1024,0.77
AGO183-36,AGO183-36-S5,AGO183,AGOGO,Moore Swab,5,2023-01-19T00:00:00Z,2,23.23,28.11,0,Russia Stores opp the point B.S,2,1,1,24,1,1,1,26.6,-153,7.33,1.5,1577,0,1024,0.77
AGO183-36,AGO183-36-S6,AGO183,AGOGO,Moore Swab,6,2023-02-02T00:00:00Z,2,21.9,29.76,0,Russia Stores opp the point B.S,2,1,1,24,1,1,1,26.6,-153,7.33,1.5,1577,0,1024,0.77
AGO187-10,AGO187-10-G1,AGO187,AGOGO,Grab,1,2022-07-20T00:00:00Z,2,24.72,34.83,0,Opposite Capacity Junction,2,1,1,24,1,1,1,26.59,-173.1,7.32,1.7,2812,0,1826,1.44
AGO187-10,AGO187-10-G2,AGO187,AGOGO,Grab,2,2022-09-30T00:00:00Z,1,22.13,33.66,0,Opposite Capacity Junction,2,1,1,24,1,1,1,26.59,-173.1,7.32,1.7,2812,0,1826,1.44
AGO187-10,AGO187-10-G3,AGO187,AGOGO,Grab,3,2022-10-21T00:00:00Z,1,24.64,33.72,0,Opposite Capacity Junction,2,1,1,24,1,1,1,26.59,-173.1,7.32,1.7,2812,0,1826,1.44
AGO187-10,AGO187-10-G4,AGO187,AGOGO,Grab,4,2022-11-23T00:00:00Z,2,20.8,34.31,0,Opposite Capacity Junction,2,1,1,24,1,1,1,26.59,-173.1,7.32,1.7,2812,0,1826,1.44
AGO187-10,AGO187-10-G5,AGO187,AGOGO,Grab,5,2022-12-23T00:00:00Z,2,20.56,34.43,0,Opposite Capacity Junction,2,1,1,24,1,1,1,26.59,-173.1,7.32,1.7,2812,0,1826,1.44
AGO187-10,AGO187-10-G6,AGO187,AGOGO,Grab,6,2023-01-24T00:00:00Z,2,22.4,31.1,0,Opposite Capacity Junction,2,1,1,24,1,1,1,26.59,-173.1,7.32,1.7,2812,0,1826,1.44
AGO187-10,AGO187-10-S1,AGO187,AGOGO,Moore Swab,1,2022-07-20T00:00:00Z,1,22.28,24.52,0,Opposite Capacity Junction,2,1,1,24,1,1,1,26.59,-173.1,7.32,1.7,2812,0,1826,1.44
AGO187-10,AGO187-10-S2,AGO187,AGOGO,Moore Swab,2,2022-09-30T00:00:00Z,1,24.84,26.24,0,Opposite Capacity Junction,2,1,1,24,1,1,1,26.59,-173.1,7.32,1.7,2812,0,1826,1.44
AGO187-10,AGO187-10-S3,AGO187,AGOGO,Moore Swab,3,2022-10-21T00:00:00Z,1,22.15,22.88,0,Opposite Capacity Junction,2,1,1,24,1,1,1,26.59,-173.1,7.32,1.7,2812,0,1826,1.44
AGO187-10,AGO187-10-S4,AGO187,AGOGO,Moore Swab,4,2022-11-23T00:00:00Z,2,27.71,26.9,0,Opposite Capacity Junction,2,1,1,24,1,1,1,26.59,-173.1,7.32,1.7,2812,0,1826,1.44
AGO187-10,AGO187-10-S5,AGO187,AGOGO,Moore Swab,5,2022-12-23T00:00:00Z,2,22.08,23.92,0,Opposite Capacity Junction,2,1,1,24,1,1,1,26.59,-173.1,7.32,1.7,2812,0,1826,1.44
AGO187-10,AGO187-10-S6,AGO187,AGOGO,Moore Swab,6,2023-01-24T00:00:00Z,1,22.4,27.1,0,Opposite Capacity Junction,2,1,1,24,1,1,1,26.59,-173.1,7.32,1.7,2812,0,1826,1.44
AGO188-12,AGO188-12-G1,AGO188,AGOGO,Grab,1,2022-07-20T00:00:00Z,2,25.73,31.57,0,Bridge behind Apostolic Church,2,1,2,24,1,1,1,29.5,-288.2,7.42,1.1,2670,0,1734,1.37
AGO188-12,AGO188-12-G2,AGO188,AGOGO,Grab,2,2022-09-28T00:00:00Z,2,24.75,34.95,0,Bridge behind Apostolic Church,2,1,2,24,1,1,1,29.5,-288.2,7.42,1.1,2670,0,1734,1.37
AGO188-12,AGO188-12-G3,AGO188,AGOGO,Grab,3,2022-10-20T00:00:00Z,2,24.72,35.28,1,Bridge behind Apostolic Church,2,1,2,24,1,1,1,29.5,-288.2,7.42,1.1,2670,0,1734,1.37
AGO188-12,AGO188-12-G4,AGO188,AGOGO,Grab,4,2022-11-17T00:00:00Z,2,25.48,29.45,1,Bridge behind Apostolic Church,2,1,2,24,1,1,1,29.5,-288.2,7.42,1.1,2670,0,1734,1.37
AGO188-12,AGO188-12-G5,AGO188,AGOGO,Grab,5,2022-12-23T00:00:00Z,2,20.57,32.3,0,Bridge behind Apostolic Church,2,1,2,24,1,1,1,29.5,-288.2,7.42,1.1,2670,0,1734,1.37
AGO188-12,AGO188-12-G6,AGO188,AGOGO,Grab,6,2023-01-24T00:00:00Z,2,20.34,27.61,1,Bridge behind Apostolic Church,2,1,2,24,1,1,1,29.5,-288.2,7.42,1.1,2670,0,1734,1.37
AGO188-12,AGO188-12-S1,AGO188,AGOGO,Moore Swab,1,2022-07-20T00:00:00Z,2,22.54,18.5,1,Bridge behind Apostolic Church,2,1,2,24,1,1,1,29.5,-288.2,7.42,1.1,2670,0,1734,1.37
AGO188-12,AGO188-12-G2,AGO188,AGOGO,Moore Swab,2,2022-09-28T00:00:00Z,2,25.57,22.43,1,Bridge behind Apostolic Church,2,1,2,24,1,1,1,29.5,-288.2,7.42,1.1,2670,0,1734,1.37
AGO188-12,AGO188-12-S3,AGO188,AGOGO,Moore Swab,3,2022-10-20T00:00:00Z,2,23.4,30.89,1,Bridge behind Apostolic Church,2,1,2,24,1,1,1,29.5,-288.2,7.42,1.1,2670,0,1734,1.37
AGO188-12,AGO188-12-S4,AGO188,AGOGO,Moore Swab,4,2022-11-17T00:00:00Z,2,23.14,25.25,0,Bridge behind Apostolic Church,2,1,2,24,1,1,1,29.5,-288.2,7.42,1.1,2670,0,1734,1.37
AGO188-12,AGO188-12-S5,AGO188,AGOGO,Moore Swab,5,2022-12-23T00:00:00Z,2,20.95,20.07,0,Bridge behind Apostolic Church,2,1,2,24,1,1,1,29.5,-288.2,7.42,1.1,2670,0,1734,1.37
AGO188-12,AGO188-12-S6,AGO188,AGOGO,Moore Swab,6,2023-01-24T00:00:00Z,1,21.14,28.03,1,Bridge behind Apostolic Church,2,1,2,24,1,1,1,29.5,-288.2,7.42,1.1,2670,0,1734,1.37
AGO189-06,AGO189-06-G1,AGO189,AGOGO,Grab,1,2022-07-18T00:00:00Z,1,24.01,0,0,Old police station,2,1,1,24,2,1,1,26.65,-285.8,7.24,1.6,4304,0.05,2789,2.27
AGO189-06,AGO189-06-G2,AGO189,AGOGO,Grab,2,2022-09-23T00:00:00Z,2,22.63,37.68,0,Old police station,2,1,1,24,2,1,1,26.65,-285.8,7.24,1.6,4304,0.05,2789,2.27
AGO189-06,AGO189-06-G3,AGO189,AGOGO,Grab,3,2022-10-18T00:00:00Z,1,25.06,34.1,1,Old police station,2,1,1,24,2,1,1,26.65,-285.8,7.24,1.6,4304,0.05,2789,2.27
AGO189-06,AGO189-06-G4,AGO189,AGOGO,Grab,4,2022-11-15T00:00:00Z,2,25.86,0,0,Old police station,2,1,1,24,2,1,1,26.65,-285.8,7.24,1.6,4304,0.05,2789,2.27
AGO189-06,AGO189-06-G5,AGO189,AGOGO,Grab,5,2023-01-11T00:00:00Z,2,21.23,35.95,0,Old police station,2,1,1,24,2,1,1,26.65,-285.8,7.24,1.6,4304,0.05,2789,2.27
AGO189-06,AGO189-06-G6,AGO189,AGOGO,Grab,6,2023-01-25T00:00:00Z,1,20.91,0,1,Old police station,2,1,1,24,2,1,1,26.65,-285.8,7.24,1.6,4304,0.05,2789,2.27
AGO189-06,AGO189-06-S1,AGO189,AGOGO,Moore Swab,1,2022-07-18T00:00:00Z,1,24.74,24.04,1,Old police station,2,1,1,24,2,1,1,26.65,-285.8,7.24,1.6,4304,0.05,2789,2.27
AGO189-06,AGO189-06-S2,AGO189,AGOGO,Moore Swab,2,2022-09-23T00:00:00Z,1,24.09,28.91,0,Old police station,2,1,1,24,2,1,1,26.65,-285.8,7.24,1.6,4304,0.05,2789,2.27
AGO189-06,AGO189-06-S3,AGO189,AGOGO,Moore Swab,3,2022-10-18T00:00:00Z,2,23.48,29.78,1,Old police station,2,1,1,24,2,1,1,26.65,-285.8,7.24,1.6,4304,0.05,2789,2.27
AGO189-06,AGO189-06-S4,AGO189,AGOGO,Moore Swab,4,2022-11-15T00:00:00Z,2,22.91,35.06,0,Old police station,2,1,1,24,2,1,1,26.65,-285.8,7.24,1.6,4304,0.05,2789,2.27
AGO189-06,AGO189-06-S5,AGO189,AGOGO,Moore Swab,5,2023-01-11T00:00:00Z,2,23.32,0,0,Old police station,2,1,1,24,2,1,1,26.65,-285.8,7.24,1.6,4304,0.05,2789,2.27
AGO192-24,AGO192-24-G1,AGO192,AGOGO,Grab,1,2022-07-13T00:00:00Z,1,28.15,38.89,0,New page Soccer Centre,2,1,1,24,1,1,1,23.25,15.7,7.74,10.5,2788,0,1810,1.43
AGO192-24,AGO192-24-G2,AGO192,AGOGO,Grab,2,2022-09-20T00:00:00Z,2,23.55,33.64,1,New page Soccer Centre,2,1,1,24,1,1,1,23.25,15.7,7.74,10.5,2788,0,1810,1.43
AGO192-24,AGO192-24-G3,AGO192,AGOGO,Grab,3,2022-10-13T00:00:00Z,1,23.7,31.04,0,New page Soccer Centre,2,1,1,24,1,1,1,23.25,15.7,7.74,10.5,2788,0,1810,1.43
AGO192-24,AGO192-24-G4,AGO192,AGOGO,Grab,4,2022-11-09T00:00:00Z,2,24.44,0,0,New page Soccer Centre,2,1,1,24,1,1,1,23.25,15.7,7.74,10.5,2788,0,1810,1.43
AGO192-24,AGO192-24-G5,AGO192,AGOGO,Grab,5,2023-01-13T00:00:00Z,2,21.36,26.22,0,New page Soccer Centre,2,1,1,24,1,1,1,23.25,15.7,7.74,10.5,2788,0,1810,1.43
AGO192-24,AGO192-24-G6,AGO192,AGOGO,Grab,6,2023-02-01T00:00:00Z,2,19.04,36.02,0,New page Soccer Centre,2,1,1,24,1,1,1,23.25,15.7,7.74,10.5,2788,0,1810,1.43
AGO192-24,AGO192-24-S1,AGO192,AGOGO,Moore Swab,1,2022-07-13T00:00:00Z,1,22.49,22.03,0,New page Soccer Centre,2,1,1,24,1,1,1,23.25,15.7,7.74,10.5,2788,0,1810,1.43
AGO192-24,AGO192-24-S2,AGO192,AGOGO,Moore Swab,2,2022-09-20T00:00:00Z,2,23.42,24.27,1,New page Soccer Centre,2,1,1,24,1,1,1,23.25,15.7,7.74,10.5,2788,0,1810,1.43
AGO192-24,AGO192-24-S4,AGO192,AGOGO,Moore Swab,4,2022-11-09T00:00:00Z,2,24.03,29.51,0,New page Soccer Centre,2,1,1,24,1,1,1,23.25,15.7,7.74,10.5,2788,0,1810,1.43
AGO192-24,AGO192-24-S5,AGO192,AGOGO,Moore Swab,5,2023-01-13T00:00:00Z,2,22.63,24.66,1,New page Soccer Centre,2,1,1,24,1,1,1,23.25,15.7,7.74,10.5,2788,0,1810,1.43
AGO192-24,AGO192-24-S6,AGO192,AGOGO,Moore Swab,6,2023-02-01T00:00:00Z,2,21.75,23.59,0,New page Soccer Centre,2,1,1,24,1,1,1,23.25,15.7,7.74,10.5,2788,0,1810,1.43
AGO195-19,AGO195-19-G1,AGO195,AGOGO,Grab,1,2022-07-08T00:00:00Z,1,23.5,32.92,0,Assembly residence annex (Mfifirem),2,2,1,24,2,1,1,25,96.7,7.81,80.1,824,0,536,0.35
AGO195-19,AGO195-19-G2,AGO195,AGOGO,Grab,2,2022-09-22T00:00:00Z,1,27.16,0,0,Assembly residence annex (Mfifirem),2,2,1,24,2,1,1,25,96.7,7.81,80.1,824,0,536,0.35
AGO195-19,AGO195-19-G3,AGO195,AGOGO,Grab,3,2022-10-14T00:00:00Z,2,25.32,0,0,Assembly residence annex (Mfifirem),2,2,1,24,2,1,1,25,96.7,7.81,80.1,824,0,536,0.35
AGO195-19,AGO195-19-G4,AGO195,AGOGO,Grab,4,2022-11-11T00:00:00Z,2,25.17,36.51,0,Assembly residence annex (Mfifirem),2,2,1,24,2,1,1,25,96.7,7.81,80.1,824,0,536,0.35
AGO195-19,AGO195-19-G5,AGO195,AGOGO,Grab,5,2023-01-13T00:00:00Z,2,24.99,0,0,Assembly residence annex (Mfifirem),2,2,1,24,2,1,1,25,96.7,7.81,80.1,824,0,536,0.35
AGO195-19,AGO195-19-G6,AGO195,AGOGO,Grab,6,2023-01-27T00:00:00Z,2,23.57,0,0,Assembly residence annex (Mfifirem),2,2,1,24,2,1,1,25,96.7,7.81,80.1,824,0,536,0.35
AGO195-19,AGO195-19-S1,AGO195,AGOGO,Moore Swab,1,2022-07-08T00:00:00Z,2,27.8,34.74,1,Assembly residence annex (Mfifirem),2,2,1,24,2,1,1,25,96.7,7.81,80.1,824,0,536,0.35
AGO195-19,AGO195-19-S2,AGO195,AGOGO,Moore Swab,2,2022-09-22T00:00:00Z,2,31.84,19.68,1,Assembly residence annex (Mfifirem),2,2,1,24,2,1,1,25,96.7,7.81,80.1,824,0,536,0.35
AGO195-19,AGO195-19-S3,AGO195,AGOGO,Moore Swab,3,2022-10-14T00:00:00Z,1,24.51,28.16,1,Assembly residence annex (Mfifirem),2,2,1,24,2,1,1,25,96.7,7.81,80.1,824,0,536,0.35
AGO195-19,AGO195-19-S4,AGO195,AGOGO,Moore Swab,4,2022-11-11T00:00:00Z,2,23.96,21.39,0,Assembly residence annex (Mfifirem),2,2,1,24,2,1,1,25,96.7,7.81,80.1,824,0,536,0.35
AGO195-19,AGO195-19-S5,AGO195,AGOGO,Moore Swab,5,2023-01-13T00:00:00Z,2,24.82,27.52,0,Assembly residence annex (Mfifirem),2,2,1,24,2,1,1,25,96.7,7.81,80.1,824,0,536,0.35
AGO195-19,AGO195-19-S6,AGO195,AGOGO,Moore Swab,6,2023-01-27T00:00:00Z,2,22.96,27.14,1,Assembly residence annex (Mfifirem),2,2,1,24,2,1,1,25,96.7,7.81,80.1,824,0,536,0.35
AGO196-07,AGO196-07-G1,AGO196,AGOGO,Grab,1,2022-07-18T00:00:00Z,1,2.38,32.46,0,Opposite Ananekrom Junction,2,2,2,24,1,1,1,30.23,-233.7,7.5,1.4,2801,0,1828,1.45
AGO196-07,AGO196-07-G2,AGO196,AGOGO,Grab,2,2022-09-23T00:00:00Z,2,23.88,0,0,Opposite Ananekrom Junction,2,2,2,24,1,1,1,30.23,-233.7,7.5,1.4,2801,0,1828,1.45
AGO196-07,AGO196-07-G3,AGO196,AGOGO,Grab,3,2022-10-18T00:00:00Z,1,24.34,25.13,0,Opposite Ananekrom Junction,2,2,2,24,1,1,1,30.23,-233.7,7.5,1.4,2801,0,1828,1.45
AGO196-07,AGO196-07-G4,AGO196,AGOGO,Grab,4,2022-11-15T00:00:00Z,2,22.91,28.52,0,Opposite Ananekrom Junction,2,2,2,24,1,1,1,30.23,-233.7,7.5,1.4,2801,0,1828,1.45
AGO196-07,AGO196-07-G5,AGO196,AGOGO,Grab,5,2023-01-11T00:00:00Z,2,21.69,25.7,0,Opposite Ananekrom Junction,2,2,2,24,1,1,1,30.23,-233.7,7.5,1.4,2801,0,1828,1.45
AGO196-07,AGO196-07-G6,AGO196,AGOGO,Grab,6,2023-01-25T00:00:00Z,2,22.82,0,0,Opposite Ananekrom Junction,2,2,2,24,1,1,1,30.23,-233.7,7.5,1.4,2801,0,1828,1.45
AGO196-07,AGO196-07-S1,AGO196,AGOGO,Moore Swab,1,2022-07-18T00:00:00Z,2,24.14,25.14,1,Opposite Ananekrom Junction,2,2,2,24,1,1,1,30.23,-233.7,7.5,1.4,2801,0,1828,1.45
AGO196-07,AGO196-07-S2,AGO196,AGOGO,Moore Swab,2,2022-09-23T00:00:00Z,2,25.11,25.03,1,Opposite Ananekrom Junction,2,2,2,24,1,1,1,30.23,-233.7,7.5,1.4,2801,0,1828,1.45
AGO196-07,AGO196-07-S3,AGO196,AGOGO,Moore Swab,3,2022-10-18T00:00:00Z,1,23.58,22.2,0,Opposite Ananekrom Junction,2,2,2,24,1,1,1,30.23,-233.7,7.5,1.4,2801,0,1828,1.45
AGO196-07,AGO196-07-S4,AGO196,AGOGO,Moore Swab,4,2022-11-15T00:00:00Z,2,23.18,25.05,1,Opposite Ananekrom Junction,2,2,2,24,1,1,1,30.23,-233.7,7.5,1.4,2801,0,1828,1.45
AGO196-07,AGO196-07-S5,AGO196,AGOGO,Moore Swab,5,2023-01-11T00:00:00Z,1,24.15,24.69,1,Opposite Ananekrom Junction,2,2,2,24,1,1,1,30.23,-233.7,7.5,1.4,2801,0,1828,1.45
AGO196-07,AGO196-07-S6,AGO196,AGOGO,Moore Swab,6,2023-01-25T00:00:00Z,1,24.66,27.66,1,Opposite Ananekrom Junction,2,2,2,24,1,1,1,30.23,-233.7,7.5,1.4,2801,0,1828,1.45
AGO196-22,AGO196-22-G1,AGO196,AGOGO,Grab,1,2022-07-11T00:00:00Z,2,24.53,31.96,0,S.D.A Public Toilet / Bridge,2,1,2,24,2,1,1,26.1,-246.5,7.4,94.1,2191,0,1425,1.11
AGO196-22,AGO196-22-G2,AGO196,AGOGO,Grab,2,2022-09-22T00:00:00Z,2,21.58,32.16,0,S.D.A Public Toilet / Bridge,2,1,2,24,2,1,1,26.1,-246.5,7.4,94.1,2191,0,1425,1.11
AGO196-22,AGO196-22-G3,AGO196,AGOGO,Grab,3,2022-10-14T00:00:00Z,2,23.17,28.35,0,S.D.A Public Toilet / Bridge,2,1,2,24,2,1,1,26.1,-246.5,7.4,94.1,2191,0,1425,1.11
AGO196-22,AGO196-22-G4,AGO196,AGOGO,Grab,4,2022-11-11T00:00:00Z,2,23.63,31.67,0,S.D.A Public Toilet / Bridge,2,1,2,24,2,1,1,26.1,-246.5,7.4,94.1,2191,0,1425,1.11
AGO196-22,AGO196-22-G5,AGO196,AGOGO,Grab,5,2023-01-13T00:00:00Z,2,22.75,27.85,0,S.D.A Public Toilet / Bridge,2,1,2,24,2,1,1,26.1,-246.5,7.4,94.1,2191,0,1425,1.11
AGO196-22,AGO196-22-G6,AGO196,AGOGO,Grab,6,2023-01-27T00:00:00Z,1,25.64,21.77,1,S.D.A Public Toilet / Bridge,2,1,2,24,2,1,1,26.1,-246.5,7.4,94.1,2191,0,1425,1.11
AGO196-22,AGO196-22-S1,AGO196,AGOGO,Moore Swab,1,2022-07-11T00:00:00Z,1,23.21,23.57,1,S.D.A Public Toilet / Bridge,2,1,2,24,2,1,1,26.1,-246.5,7.4,94.1,2191,0,1425,1.11
AGO196-22,AGO196-22-S2,AGO196,AGOGO,Moore Swab,2,2022-09-22T00:00:00Z,2,25.88,23.5,1,S.D.A Public Toilet / Bridge,2,1,2,24,2,1,1,26.1,-246.5,7.4,94.1,2191,0,1425,1.11
AGO196-22,AGO196-22-S3,AGO196,AGOGO,Moore Swab,3,2022-10-14T00:00:00Z,2,24.42,28.32,0,S.D.A Public Toilet / Bridge,2,1,2,24,2,1,1,26.1,-246.5,7.4,94.1,2191,0,1425,1.11
AGO196-22,AGO196-22-S4,AGO196,AGOGO,Moore Swab,4,2022-11-11T00:00:00Z,1,23.21,23.04,1,S.D.A Public Toilet / Bridge,2,1,2,24,2,1,1,26.1,-246.5,7.4,94.1,2191,0,1425,1.11
AGO196-22,AGO196-22-S5,AGO196,AGOGO,Moore Swab,5,2023-01-13T00:00:00Z,1,23.14,20.87,0,S.D.A Public Toilet / Bridge,2,1,2,24,2,1,1,26.1,-246.5,7.4,94.1,2191,0,1425,1.11
AGO196-22,AGO196-22-S6,AGO196,AGOGO,Moore Swab,6,2023-01-27T00:00:00Z,1,19.05,0,0,S.D.A Public Toilet / Bridge,2,1,2,24,2,1,1,26.1,-246.5,7.4,94.1,2191,0,1425,1.11
AGO197-11,AGO197-11-G1,AGO197,AGOGO,Grab,1,2022-07-22T00:00:00Z,1,23.5,29.3,0,Stream (Zongo/red dirt area),1,2,3,24,1,1,1,27,-41.3,7.15,4.7,1624,0,1053,0.79
AGO197-11,AGO197-11-G2,AGO197,AGOGO,Grab,2,2022-09-30T00:00:00Z,1,21.9,34.4,1,Stream (Zongo/red dirt area),1,2,3,24,1,1,1,27,-41.3,7.15,4.7,1624,0,1053,0.79
AGO197-11,AGO197-11-G3,AGO197,AGOGO,Grab,3,2022-10-26T00:00:00Z,1,23.09,32.17,1,Stream (Zongo/red dirt area),1,2,3,24,1,1,1,27,-41.3,7.15,4.7,1624,0,1053,0.79
AGO197-11,AGO197-11-G4,AGO197,AGOGO,Grab,4,2022-11-23T00:00:00Z,2,20.36,0,0,Stream (Zongo/red dirt area),1,2,3,24,1,1,1,27,-41.3,7.15,4.7,1624,0,1053,0.79
AGO197-11,AGO197-11-G5,AGO197,AGOGO,Grab,5,2022-12-22T00:00:00Z,2,20.89,34.99,0,Stream (Zongo/red dirt area),1,2,3,24,1,1,1,27,-41.3,7.15,4.7,1624,0,1053,0.79
AGO197-11,AGO197-11-G6,AGO197,AGOGO,Grab,6,2023-01-20T00:00:00Z,2,19.25,35.42,0,Stream (Zongo/red dirt area),1,2,3,24,1,1,1,27,-41.3,7.15,4.7,1624,0,1053,0.79
AGO197-11,AGO197-11-S1,AGO197,AGOGO,Moore Swab,1,2022-07-22T00:00:00Z,1,24.14,21.74,1,Stream (Zongo/red dirt area),1,2,3,24,1,1,1,27,-41.3,7.15,4.7,1624,0,1053,0.79
AGO197-11,AGO197-11-S2,AGO197,AGOGO,Moore Swab,2,2022-09-30T00:00:00Z,1,25.34,24.4,1,Stream (Zongo/red dirt area),1,2,3,24,1,1,1,27,-41.3,7.15,4.7,1624,0,1053,0.79
AGO197-11,AGO197-11-S3,AGO197,AGOGO,Moore Swab,3,2022-10-26T00:00:00Z,1,24.13,28.14,1,Stream (Zongo/red dirt area),1,2,3,24,1,1,1,27,-41.3,7.15,4.7,1624,0,1053,0.79
AGO197-11,AGO197-11-S4,AGO197,AGOGO,Moore Swab,4,2022-11-23T00:00:00Z,2,27.08,26.97,0,Stream (Zongo/red dirt area),1,2,3,24,1,1,1,27,-41.3,7.15,4.7,1624,0,1053,0.79
AGO197-11,AGO197-11-S5,AGO197,AGOGO,Moore Swab,5,2022-12-22T00:00:00Z,2,22.83,23.98,1,Stream (Zongo/red dirt area),1,2,3,24,1,1,1,27,-41.3,7.15,4.7,1624,0,1053,0.79
AGO197-11,AGO197-11-S6,AGO197,AGOGO,Moore Swab,6,2023-01-20T00:00:00Z,2,22.14,19.11,1,Stream (Zongo/red dirt area),1,2,3,24,1,1,1,27,-41.3,7.15,4.7,1624,0,1053,0.79
AGO198-14,AGO199-14-G1,AGO198,AGOGO,Grab,1,2022-07-22T00:00:00Z,2,34.9,0,0,Zongo freetown/Kurotia Cemetery,1,1,2,24,1,1,1,23.5,63.7,7.3,96.4,484,0,310,0.15
AGO198-14,AGO199-14-G2,AGO198,AGOGO,Grab,2,2022-09-30T00:00:00Z,2,34.6,0,0,Zongo freetown/Kurotia Cemetery,1,1,2,24,1,1,1,23.5,63.7,7.3,96.4,484,0,310,0.15
AGO198-14,AGO199-14-G3,AGO198,AGOGO,Grab,3,2022-10-26T00:00:00Z,2,24.79,33.64,0,Zongo freetown/Kurotia Cemetery,1,1,2,24,1,1,1,23.5,63.7,7.3,96.4,484,0,310,0.15
AGO198-14,AGO199-14-G4,AGO198,AGOGO,Grab,4,2022-11-23T00:00:00Z,2,24.05,0,0,Zongo freetown/Kurotia Cemetery,1,1,2,24,1,1,1,23.5,63.7,7.3,96.4,484,0,310,0.15
AGO199-14,AGO199-14-G5,AGO198,AGOGO,Grab,5,2022-12-22T00:00:00Z,2,24.75,0,0,Zongo freetown/Kurotia Cemetery,1,1,2,24,1,1,1,23.5,63.7,7.3,96.4,484,0,310,0.15
AGO198-14,AGO199-14-G6,AGO198,AGOGO,Grab,6,2023-01-20T00:00:00Z,2,22.11,0,0,Zongo freetown/Kurotia Cemetery,1,1,2,24,1,1,1,23.5,63.7,7.3,96.4,484,0,310,0.15
AGO198-14,AGO199-14-S1,AGO198,AGOGO,Moore Swab,1,2022-07-22T00:00:00Z,2,25.07,22.12,1,Zongo freetown/Kurotia Cemetery,1,1,2,24,1,1,1,23.5,63.7,7.3,96.4,484,0,310,0.15
AGO198-14,AGO199-14-S2,AGO198,AGOGO,Moore Swab,2,2022-09-30T00:00:00Z,2,25.06,23.21,0,Zongo freetown/Kurotia Cemetery,1,1,2,24,1,1,1,23.5,63.7,7.3,96.4,484,0,310,0.15
AGO198-14,AGO199-14-S3,AGO198,AGOGO,Moore Swab,3,2022-10-26T00:00:00Z,2,23.49,23.88,1,Zongo freetown/Kurotia Cemetery,1,1,2,24,1,1,1,23.5,63.7,7.3,96.4,484,0,310,0.15
AGO198-14,AGO199-14-S4,AGO198,AGOGO,Moore Swab,4,2022-11-23T00:00:00Z,2,31.03,22.93,0,Zongo freetown/Kurotia Cemetery,1,1,2,24,1,1,1,23.5,63.7,7.3,96.4,484,0,310,0.15
AGO199-14,AGO199-14-S5,AGO198,AGOGO,Moore Swab,5,2022-12-22T00:00:00Z,2,24.14,22.22,1,Zongo freetown/Kurotia Cemetery,1,1,2,24,1,1,1,23.5,63.7,7.3,96.4,484,0,310,0.15
AGO198-14,AGO198-14-S6,AGO198,AGOGO,Moore Swab,6,2023-01-20T00:00:00Z,1,22.11,16.21,1,Zongo freetown/Kurotia Cemetery,1,1,2,24,1,1,1,23.5,63.7,7.3,96.4,484,0,310,0.15
AGO200-20,AGO200-20-G1,AGO200,AGOGO,Grab,1,2022-07-08T00:00:00Z,2,22,32.07,0,Glory Faith temple/ near caution,2,1,1,24,2,1,1,26.6,-127.4,7.6,25.3,966,0,632,0.41
AGO200-20,AGO200-20-G2,AGO200,AGOGO,Grab,2,2022-09-22T00:00:00Z,2,25.34,29.64,0,Glory Faith temple/ near caution,2,1,1,24,2,1,1,26.6,-127.4,7.6,25.3,966,0,632,0.41
AGO200-20,AGO200-20-G3,AGO200,AGOGO,Grab,3,2022-10-14T00:00:00Z,2,22.39,31.06,0,Glory Faith temple/ near caution,2,1,1,24,2,1,1,26.6,-127.4,7.6,25.3,966,0,632,0.41
AGO200-20,AGO200-20-G4,AGO200,AGOGO,Grab,4,2022-11-10T00:00:00Z,2,24.06,34.76,0,Glory Faith temple/ near caution,2,1,1,24,2,1,1,26.6,-127.4,7.6,25.3,966,0,632,0.41
AGO200-20,AGO200-20-G5,AGO200,AGOGO,Grab,5,2023-01-13T00:00:00Z,2,25.59,0,0,Glory Faith temple/ near caution,2,1,1,24,2,1,1,26.6,-127.4,7.6,25.3,966,0,632,0.41
AGO200-20,AGO200-20-G6,AGO200,AGOGO,Grab,6,2023-01-27T00:00:00Z,2,19.28,0,0,Glory Faith temple/ near caution,2,1,1,24,2,1,1,26.6,-127.4,7.6,25.3,966,0,632,0.41
AGO200-20,AGO200-20-S1,AGO200,AGOGO,Moore Swab,1,2022-07-06T00:00:00Z,1,24.18,19.92,1,Glory Faith temple/ near caution,2,1,1,24,2,1,1,26.6,-127.4,7.6,25.3,966,0,632,0.41
AGO200-20,AGO200-20-S2,AGO200,AGOGO,Moore Swab,2,2022-09-22T00:00:00Z,2,26.71,22.85,1,Glory Faith temple/ near caution,2,1,1,24,2,1,1,26.6,-127.4,7.6,25.3,966,0,632,0.41
AGO200-20,AGO200-20-S3,AGO200,AGOGO,Moore Swab,3,2022-10-14T00:00:00Z,2,23.64,25.52,1,Glory Faith temple/ near caution,2,1,1,24,2,1,1,26.6,-127.4,7.6,25.3,966,0,632,0.41
AGO200-20,AGO200-20-S4,AGO200,AGOGO,Moore Swab,4,2022-11-10T00:00:00Z,2,26.02,25.25,0,Glory Faith temple/ near caution,2,1,1,24,2,1,1,26.6,-127.4,7.6,25.3,966,0,632,0.41
AGO200-20,AGO200-20-S5,AGO200,AGOGO,Moore Swab,5,2023-01-13T00:00:00Z,2,23.58,27.22,0,Glory Faith temple/ near caution,2,1,1,24,2,1,1,26.6,-127.4,7.6,25.3,966,0,632,0.41
AGO200-20,AGO200-20-S6,AGO200,AGOGO,Moore Swab,6,2023-01-27T00:00:00Z,2,21.55,24.43,0,Glory Faith temple/ near caution,2,1,1,24,2,1,1,26.6,-127.4,7.6,25.3,966,0,632,0.41
AGO200-21,AGO200-21-G1,AGO200,AGOGO,Grab,1,2022-07-11T00:00:00Z,1,25.41,31.57,0,Nkosuo Market,2,1,2,24,1,1,1,24.88,-48.1,7.58,25,3101,0,2020,1.61
AGO200-21,AGO200-21-G2,AGO200,AGOGO,Grab,2,2022-09-22T00:00:00Z,2,23.37,32.29,0,Nkosuo Market,2,1,2,24,1,1,1,24.88,-48.1,7.58,25,3101,0,2020,1.61
AGO200-21,AGO200-21-G3,AGO200,AGOGO,Grab,3,2022-10-13T00:00:00Z,2,24.29,31.2,0,Nkosuo Market,2,1,2,24,1,1,1,24.88,-48.1,7.58,25,3101,0,2020,1.61
AGO200-21,AGO200-21-G4,AGO200,AGOGO,Grab,4,2022-11-10T00:00:00Z,1,27.93,31.15,0,Nkosuo Market,2,1,2,24,1,1,1,24.88,-48.1,7.58,25,3101,0,2020,1.61
AGO200-21,AGO200-21-G5,AGO200,AGOGO,Grab,5,2023-01-13T00:00:00Z,2,22.45,25.52,0,Nkosuo Market,2,1,2,24,1,1,1,24.88,-48.1,7.58,25,3101,0,2020,1.61
AGO200-21,AGO200-21-G6,AGO200,AGOGO,Grab,6,2023-02-01T00:00:00Z,2,20.34,37,0,Nkosuo Market,2,1,2,24,1,1,1,24.88,-48.1,7.58,25,3101,0,2020,1.61
AGO200-21,AGO200-21-S1,AGO200,AGOGO,Moore Swab,1,2022-07-11T00:00:00Z,1,23.31,21.46,1,Nkosuo Market,2,1,2,24,1,1,1,24.88,-48.1,7.58,25,3101,0,2020,1.61
AGO200-21,AGO200-21-S2,AGO200,AGOGO,Moore Swab,2,2022-09-22T00:00:00Z,2,26.04,25.28,1,Nkosuo Market,2,1,2,24,1,1,1,24.88,-48.1,7.58,25,3101,0,2020,1.61
AGO200-21,AGO200-21-S3,AGO200,AGOGO,Moore Swab,3,2022-10-13T00:00:00Z,1,27.16,23.32,1,Nkosuo Market,2,1,2,24,1,1,1,24.88,-48.1,7.58,25,3101,0,2020,1.61
AGO200-21,AGO200-21-S4,AGO200,AGOGO,Moore Swab,4,2022-11-10T00:00:00Z,1,23.57,19.51,0,Nkosuo Market,2,1,2,24,1,1,1,24.88,-48.1,7.58,25,3101,0,2020,1.61
AGO200-21,AGO200-21-S5,AGO200,AGOGO,Moore Swab,5,2023-01-13T00:00:00Z,2,24.04,24.26,0,Nkosuo Market,2,1,2,24,1,1,1,24.88,-48.1,7.58,25,3101,0,2020,1.61
AGO200-21,AGO200-21-S6,AGO200,AGOGO,Moore Swab,6,2023-02-01T00:00:00Z,1,21.59,25.53,1,Nkosuo Market,2,1,2,24,1,1,1,24.88,-48.1,7.58,25,3101,0,2020,1.61
DOM114-02,DOM114-02-G1,DOM114,DOMEABRA,Moore Swab,1,2022-07-07T00:00:00Z,2,21.51,0,0,Bridge  Opposite owireman SHS,2,3,2,24,2,1,1,29.08,15.8,6.96,60.2,319,0,209,0.9
DOM114-02,DOM114-02-G2,DOM114,DOMEABRA,Grab,2,2022-08-08T00:00:00Z,2,23.88,32.75,0,behind the market/After TYO34 house,2,1,1,24,2,1,1,31.3,208.5,7.25,1,2095,0,1361,1.05
DOM114-02,DOM114-02-G3,DOM114,DOMEABRA,Grab,3,2022-10-04T00:00:00Z,1,22.34,36.76,0,behind the market/After TYO34 house,2,1,1,24,2,1,1,31.3,208.5,7.25,1,2095,0,1361,1.05
DOM114-02,DOM114-02-G4,DOM114,DOMEABRA,Grab,4,2022-11-01T00:00:00Z,1,23.74,33.63,0,behind the market/After TYO34 house,2,1,1,24,2,1,1,31.3,208.5,7.25,1,2095,0,1361,1.05
DOM114-02,DOM114-02-G5,DOM114,DOMEABRA,Grab,5,2022-12-20T00:00:00Z,2,21.33,0,0,behind the market/After TYO34 house,2,1,1,24,2,1,1,31.3,208.5,7.25,1,2095,0,1361,1.05
DOM114-02,DOM114-02-G6,DOM114,DOMEABRA,Grab,6,2023-01-18T00:00:00Z,2,19.56,34.81,0,behind the market/After TYO34 house,2,1,1,24,2,1,1,31.3,208.5,7.25,1,2095,0,1361,1.05
DOM114-02,DOM114-02-S1,DOM114,DOMEABRA,Moore Swab,1,2022-07-07T00:00:00Z,1,23.47,25.83,1,behind the market/After TYO34 house,2,1,1,24,2,1,1,31.3,208.5,7.25,1,2095,0,1361,1.05
DOM114-02,DOM114-02-S2,DOM114,DOMEABRA,Moore Swab,2,2022-08-08T00:00:00Z,1,25.14,24.33,0,behind the market/After TYO34 house,2,1,1,24,2,1,1,31.3,208.5,7.25,1,2095,0,1361,1.05
DOM114-02,DOM114-02-S3,DOM114,DOMEABRA,Moore Swab,3,2022-10-04T00:00:00Z,2,25.45,23.37,1,behind the market/After TYO34 house,2,1,1,24,2,1,1,31.3,208.5,7.25,1,2095,0,1361,1.05
DOM114-02,DOM114-02-S4,DOM114,DOMEABRA,Moore Swab,4,2022-11-01T00:00:00Z,1,24.15,27.06,0,behind the market/After TYO34 house,2,1,1,24,2,1,1,31.3,208.5,7.25,1,2095,0,1361,1.05
DOM114-02,DOM114-02-S5,DOM114,DOMEABRA,Moore Swab,5,2022-12-20T00:00:00Z,2,28.09,24.59,0,behind the market/After TYO34 house,2,1,1,24,2,1,1,31.3,208.5,7.25,1,2095,0,1361,1.05
DOM114-02,DOM114-02-G6,DOM114,DOMEABRA,Moore Swab,6,2023-01-18T00:00:00Z,2,20.79,27.12,0,behind the market/After TYO34 house,2,1,1,24,2,1,1,31.3,208.5,7.25,1,2095,0,1361,1.05
HWI133-01,HWI133-01-G1,HWI133,HWIDIEM,Grab,1,2022-07-26T00:00:00Z,2,27.35,0,0,Below Devine action church/KGee,1,1,2,24,2,1,1,25.3,98.7,6.15,99.6,197,0,131,0.6
HWI133-01,HWI133-01-G2,HWI133,HWIDIEM,Grab,2,2022-08-10T00:00:00Z,2,31.75,0,0,Below Devine action church/KGee,1,1,2,24,2,1,1,25.3,98.7,6.15,99.6,197,0,131,0.6
HWI133-01,HWI133-01-G3,HWI133,HWIDIEM,Grab,3,2022-10-05T00:00:00Z,2,25.63,0,0,Below Devine action church/KGee,1,1,2,24,2,1,1,25.3,98.7,6.15,99.6,197,0,131,0.6
HWI133-01,HWI133-01-G4,HWI133,HWIDIEM,Grab,4,2022-11-02T00:00:00Z,2,25.69,0,1,Below Devine action church/KGee,1,1,2,24,2,1,1,25.3,98.7,6.15,99.6,197,0,131,0.6
HWI133-01,HWI133-01-G5,HWI133,HWIDIEM,Grab,5,2022-12-21T00:00:00Z,2,25.75,0,0,Below Devine action church/KGee,1,1,2,24,2,1,1,25.3,98.7,6.15,99.6,197,0,131,0.6
HWI133-01,HWI133-01-G6,HWI133,HWIDIEM,Grab,6,2023-01-19T00:00:00Z,2,24.28,0,0,Below Devine action church/KGee,1,1,2,24,2,1,1,25.3,98.7,6.15,99.6,197,0,131,0.6
HWI133-01,HWI133-01-S1,HWI133,HWIDIEM,Moore Swab,1,2022-07-26T00:00:00Z,2,25.34,16.14,0,Below Devine action church/KGee,1,1,2,24,2,1,1,25.3,98.7,6.15,99.6,197,0,131,0.6
HWI133-01,HWI133-01-S2,HWI133,HWIDIEM,Moore Swab,2,2022-08-10T00:00:00Z,2,29.33,17.61,0,Below Devine action church/KGee,1,1,2,24,2,1,1,25.3,98.7,6.15,99.6,197,0,131,0.6
HWI133-01,HWI133-01-S3,HWI133,HWIDIEM,Moore Swab,3,2022-10-05T00:00:00Z,2,25.68,17.55,1,Below Devine action church/KGee,1,1,2,24,2,1,1,25.3,98.7,6.15,99.6,197,0,131,0.6
HWI133-01,HWI133-01-S4,HWI133,HWIDIEM,Moore Swab,4,2022-11-02T00:00:00Z,2,24.47,21.39,0,Below Devine action church/KGee,1,1,2,24,2,1,1,25.3,98.7,6.15,99.6,197,0,131,0.6
HWI133-01,HWI133-01-S5,HWI133,HWIDIEM,Moore Swab,5,2022-12-21T00:00:00Z,2,22.13,20.96,0,Below Devine action church/KGee,1,1,2,24,2,1,1,25.3,98.7,6.15,99.6,197,0,131,0.6
HWI133-01,HWI133-01-S6,HWI133,HWIDIEM,Moore Swab,6,2023-01-19T00:00:00Z,2,23.46,15.64,1,Below Devine action church/KGee,1,1,2,24,2,1,1,25.3,98.7,6.15,99.6,197,0,131,0.6
JUA119-01,JUA119-01-G2,JUA119,JUANSA,Grab,2,2022-08-09T00:00:00Z,2,25.66,36.53,0,"JUANSA, MAPOFO ENTERPRISE AGRO CHEMICALS/GUTTER NEAR COCONUT TREES",2,1,1,30,2,1,1,27.6,-340.7,7.02,1.5,1458,0,949,0.69
JUA119-01,JUA119-01-G3,JUA119,JUANSA,Grab,3,2022-10-04T00:00:00Z,2,22.19,34.68,0,"JUANSA, MAPOFO ENTERPRISE AGRO CHEMICALS/GUTTER NEAR COCONUT TREES",2,1,1,30,2,1,1,27.6,-340.7,7.02,1.5,1458,0,949,0.69
JUA119-01,JUA119-01-G4,JUA119,JUANSA,Grab,4,2022-11-01T00:00:00Z,2,24.75,26.28,0,"JUANSA, MAPOFO ENTERPRISE AGRO CHEMICALS/GUTTER NEAR COCONUT TREES",2,1,1,30,2,1,1,27.6,-340.7,7.02,1.5,1458,0,949,0.69
JUA119-01,JUA119-01-G5,JUA119,JUANSA,Grab,5,2022-12-20T00:00:00Z,2,21.42,0,0,"JUANSA, MAPOFO ENTERPRISE AGRO CHEMICALS/GUTTER NEAR COCONUT TREES",2,1,1,30,2,1,1,27.6,-340.7,7.02,1.5,1458,0,949,0.69
JUA119-01,JUA119-01-S1,JUA119,JUANSA,Moore Swab,1,2022-07-06T00:00:00Z,2,25.67,27.48,1,"JUANSA, MAPOFO ENTERPRISE AGRO CHEMICALS/GUTTER NEAR COCONUT TREES",2,1,1,30,2,1,1,27.6,-340.7,7.02,1.5,1458,0,949,0.69
JUA119-01,JUA119-01-S2,JUA119,JUANSA,Moore Swab,2,2022-08-09T00:00:00Z,2,25.41,23.59,1,"JUANSA, MAPOFO ENTERPRISE AGRO CHEMICALS/GUTTER NEAR COCONUT TREES",2,1,1,30,2,1,1,27.6,-340.7,7.02,1.5,1458,0,949,0.69
JUA119-01,JUA119-01-S3,JUA119,JUANSA,Moore Swab,3,2022-10-04T00:00:00Z,1,24.34,24.41,0,"JUANSA, MAPOFO ENTERPRISE AGRO CHEMICALS/GUTTER NEAR COCONUT TREES",2,1,1,30,2,1,1,27.6,-340.7,7.02,1.5,1458,0,949,0.69
JUA119-01,JUA119-01-S4,JUA119,JUANSA,Moore Swab,4,2022-11-01T00:00:00Z,1,23.63,23.99,0,"JUANSA, MAPOFO ENTERPRISE AGRO CHEMICALS/GUTTER NEAR COCONUT TREES",2,1,1,30,2,1,1,27.6,-340.7,7.02,1.5,1458,0,949,0.69
JUA119-01,JUA119-01-S5,JUA119,JUANSA,Moore Swab,5,2022-12-20T00:00:00Z,2,26.42,27.66,0,"JUANSA, MAPOFO ENTERPRISE AGRO CHEMICALS/GUTTER NEAR COCONUT TREES",2,1,1,30,2,1,1,27.6,-340.7,7.02,1.5,1458,0,949,0.69
JUA119-01,JUA119-01-S6,JUA119,JUANSA,Moore Swab,6,2023-01-18T00:00:00Z,1,22.28,30.96,0,"JUANSA, MAPOFO ENTERPRISE AGRO CHEMICALS/GUTTER NEAR COCONUT TREES",2,1,1,30,2,1,1,27.6,-340.7,7.02,1.5,1458,0,949,0.69
JUA125-02,JUA125-02-G1,JUA125,JUANSA,Grab,1,2022-07-06T00:00:00Z,2,23.43,0,0,"JUANSA, MOTORBIKE REPAIRER NEAR HOUSE CLUSTER AND SCHOOL",2,1,2,29,2,1,1,27.8,10014.1,7.41,86,297,0,193,0.09
JUA125-02,JUA125-02-G2,JUA125,JUANSA,Grab,2,2022-08-09T00:00:00Z,2,27.78,0,0,"JUANSA, MOTORBIKE REPAIRER NEAR HOUSE CLUSTER AND SCHOOL",2,1,2,29,2,1,1,27.8,10014.1,7.41,86,297,0,193,0.09
JUA125-02,JUA125-02-G3,JUA125,JUANSA,Grab,3,2022-10-04T00:00:00Z,2,24.54,38.22,0,"JUANSA, MOTORBIKE REPAIRER NEAR HOUSE CLUSTER AND SCHOOL",2,1,2,29,2,1,1,27.8,10014.1,7.41,86,297,0,193,0.09
JUA125-02,JUA125-02-G4,JUA125,JUANSA,Grab,4,2022-11-01T00:00:00Z,2,31.01,0,0,"JUANSA, MOTORBIKE REPAIRER NEAR HOUSE CLUSTER AND SCHOOL",2,1,2,29,2,1,1,27.8,10014.1,7.41,86,297,0,193,0.09
JUA125-02,JUA125-02-G5,JUA125,JUANSA,Grab,5,2022-12-20T00:00:00Z,2,23.89,0,0,"JUANSA, MOTORBIKE REPAIRER NEAR HOUSE CLUSTER AND SCHOOL",2,1,2,29,2,1,1,27.8,10014.1,7.41,86,297,0,193,0.09
JUA125-02,JUA125-02-G6,JUA125,JUANSA,Grab,6,2023-01-18T00:00:00Z,2,22.98,0,0,"JUANSA, MOTORBIKE REPAIRER NEAR HOUSE CLUSTER AND SCHOOL",2,1,2,29,2,1,1,27.8,10014.1,7.41,86,297,0,193,0.09
JUA125-02,JUA125-02-S1,JUA125,JUANSA,Moore Swab,1,2022-07-06T00:00:00Z,1,28.79,27.32,1,"JUANSA, MOTORBIKE REPAIRER NEAR HOUSE CLUSTER AND SCHOOL",2,1,2,29,2,1,1,27.8,10014.1,7.41,86,297,0,193,0.09
JUA125-02,JUA125-02-S2,JUA125,JUANSA,Moore Swab,2,2022-08-09T00:00:00Z,1,29.97,28.78,0,"JUANSA, MOTORBIKE REPAIRER NEAR HOUSE CLUSTER AND SCHOOL",2,1,2,29,2,1,1,27.8,10014.1,7.41,86,297,0,193,0.09
JUA125-02,JUA125-02-S3,JUA125,JUANSA,Moore Swab,3,2022-10-04T00:00:00Z,1,27.32,22.67,0,"JUANSA, MOTORBIKE REPAIRER NEAR HOUSE CLUSTER AND SCHOOL",2,1,2,29,2,1,1,27.8,10014.1,7.41,86,297,0,193,0.09
JUA125-02,JUA125-02-S4,JUA125,JUANSA,Moore Swab,4,2022-11-01T00:00:00Z,1,24.47,27.08,0,"JUANSA, MOTORBIKE REPAIRER NEAR HOUSE CLUSTER AND SCHOOL",2,1,2,29,2,1,1,27.8,10014.1,7.41,86,297,0,193,0.09
JUA125-02,JUA125-02-S5,JUA125,JUANSA,Moore Swab,5,2022-12-20T00:00:00Z,2,28.48,27.33,0,"JUANSA, MOTORBIKE REPAIRER NEAR HOUSE CLUSTER AND SCHOOL",2,1,2,29,2,1,1,27.8,10014.1,7.41,86,297,0,193,0.09
JUA125-02,JUA125-02-S6,JUA125,JUANSA,Moore Swab,6,2023-01-18T00:00:00Z,2,21.72,27.52,0,"JUANSA, MOTORBIKE REPAIRER NEAR HOUSE CLUSTER AND SCHOOL",2,1,2,29,2,1,1,27.8,10014.1,7.41,86,297,0,193,0.09
JUA125-03,JUA125-03-G2,JUA125,JUANSA,Grab,2,2022-08-08T00:00:00Z,1,24.58,39.84,0,"JUANSA, BRIDGE TO DOMEABRA",1,2,3,24,2,1,1,28,123.9,6.67,30.8,81,0,52,0.03
JUA125-03,JUA125-03-G3,JUA125,JUANSA,Grab,3,2022-10-04T00:00:00Z,2,24.19,36,0,"JUANSA, BRIDGE TO DOMEABRA",1,2,3,24,2,1,1,28,123.9,6.67,30.8,81,0,52,0.03
JUA125-03,JUA125-03-G4,JUA125,JUANSA,Grab,4,2022-11-01T00:00:00Z,2,25.91,0,0,"JUANSA, BRIDGE TO DOMEABRA",1,2,3,24,2,1,1,28,123.9,6.67,30.8,81,0,52,0.03
JUA125-03,JUA125-03-G5,JUA125,JUANSA,Grab,5,2022-12-20T00:00:00Z,2,20.92,0,0,"JUANSA, BRIDGE TO DOMEABRA",1,2,3,24,2,1,1,28,123.9,6.67,30.8,81,0,52,0.03
JUA125-03,JUA125-03-G6,JUA125,JUANSA,Grab,6,2023-01-18T00:00:00Z,2,24.37,0,0,"JUANSA, BRIDGE TO DOMEABRA",1,2,3,24,2,1,1,28,123.9,6.67,30.8,81,0,52,0.03
JUA125-03,JUA125-03-S1,JUA125,JUANSA,Moore Swab,1,2022-07-06T00:00:00Z,1,30.12,31.24,0,"JUANSA, BRIDGE TO DOMEABRA",1,2,3,24,2,1,1,28,123.9,6.67,30.8,81,0,52,0.03
JUA125-03,JUA125-03-S2,JUA125,JUANSA,Moore Swab,2,2022-08-08T00:00:00Z,1,27.19,26.58,0,"JUANSA, BRIDGE TO DOMEABRA",1,2,3,24,2,1,1,28,123.9,6.67,30.8,81,0,52,0.03
JUA125-03,JUA125-03-S3,JUA125,JUANSA,Moore Swab,3,2022-10-04T00:00:00Z,1,28.7,30.09,0,"JUANSA, BRIDGE TO DOMEABRA",1,2,3,24,2,1,1,28,123.9,6.67,30.8,81,0,52,0.03
JUA125-03,JUA125-03-S4,JUA125,JUANSA,Moore Swab,4,2022-11-01T00:00:00Z,1,24.38,26.32,1,"JUANSA, BRIDGE TO DOMEABRA",1,2,3,24,2,1,1,28,123.9,6.67,30.8,81,0,52,0.03
JUA125-03,JUA125-03-S5,JUA125,JUANSA,Moore Swab,5,2022-12-20T00:00:00Z,1,26.15,23.87,0,"JUANSA, BRIDGE TO DOMEABRA",1,2,3,24,2,1,1,28,123.9,6.67,30.8,81,0,52,0.03
JUA125-03,JUA125-03-S6,JUA125,JUANSA,Moore Swab,6,2023-01-18T00:00:00Z,1,24.5,28.12,0,"JUANSA, BRIDGE TO DOMEABRA",1,2,3,24,2,1,1,28,123.9,6.67,30.8,81,0,52,0.03
